"baseMean","log2FoldChange","lfcSE","pvalue","padj"
"(CATTC)n",143.262889212613,-2.07398972963009,0.627449539886353,8.55922898970445e-05,0.000211216115895807
"(GAATG)n",52.4483332484868,-4.582840398465,0.438751083997203,2.43538288395263e-26,4.15319759674065e-25
"7SK",139.545014950519,2.19380053182441,0.168425047945694,7.6537310924158e-40,2.03036477590475e-38
"ACRO1",59.3701177928568,2.65114529876876,0.331080813436665,7.88964499595749e-17,6.3852635348639e-16
"ALR/Alpha",190.201742323652,-6.07391607882816,0.264359392955014,5.04806115332329e-116,9.64179680284749e-114
"AluJb",63830.3901271209,-0.279270097368104,0.166803808079083,0.0821813435557854,0.122438663175936
"AluJo",27325.8610362304,-0.785580877008817,0.142847480356741,1.37973353390676e-08,5.45516850781537e-08
"AluJr4",6140.58226953805,-0.792683209570063,0.141510142093254,1.08706726793823e-08,4.4176563441745e-08
"AluJr",45355.5077254778,0.49660935914424,0.15409510790333,0.000973401427664269,0.00204307332619643
"AluSc5",3032.292704564,-0.827418295342185,0.24595473946117,0.000337698820799316,0.000746533272831821
"AluSc8",13011.6862433409,-0.232409908265503,0.179433834034663,0.1935158044117,0.256677212796074
"AluSc",21569.6320537394,0.0786670452282386,0.167173283663164,0.617425477508842,0.684833137074267
"AluSg4",5592.77380799796,0.373202252685327,0.184677910789655,0.03669573241887,0.0587413526580949
"AluSg7",4423.7319304342,-0.459380034724105,0.179568277881931,0.00881044415577229,0.0159961486098147
"AluSg",25777.0362327827,0.0444450204144558,0.152820585014756,0.761222510135634,0.812254186792771
"AluSp",36348.1608062452,0.249616229130447,0.171694639923049,0.131420720936247,0.186488541596012
"AluSq10",900.809840412566,-0.286955250867218,0.219296023471578,0.171103751318758,0.232769348304008
"AluSq2",32246.2077720315,-0.0975511579330547,0.169965554836669,0.575279779476217,0.647868147877108
"AluSq4",1029.85587441235,0.367033212865176,0.218406624002332,0.077650112815119,0.116597260595029
"AluSq",10233.7039464263,-1.0980726997078,0.180345381099668,4.10608504090918e-10,1.96065560703413e-09
"AluSx1",63018.6383218185,-0.0890015032205057,0.167347732311193,0.560972204780666,0.634749354935469
"AluSx3",19831.6250577567,0.0907884503885094,0.188595642562321,0.593558873035649,0.661427522867752
"AluSx4",5125.15906271182,1.04837569383335,0.167855746526634,1.47438871440748e-10,7.4499535569267e-10
"AluSx",70282.2921689803,-0.172707066695913,0.164201246181663,0.34274052350119,0.425765981247842
"AluSz6",23319.8959594372,-0.108392861613023,0.165217072276941,0.512724384922409,0.589941912772169
"AluSz",60961.9478496634,0.231744018012663,0.168582994148808,0.158121476201999,0.218532575648204
"AluY",77514.3991726665,-0.433989497166631,0.216114228573496,0.0345905793155425,0.0557065822029394
"AluYa5",1786.74673237626,-5.26983972989466,0.198561397277178,2.12095607213628e-156,5.06378262222537e-154
"AluYa8",100.935342923462,-1.45369507105429,0.208948730622751,7.88614764722568e-13,4.82773782250034e-12
"AluYb8",1176.68077575302,-5.54763207637858,0.318973704236515,9.02279578053812e-69,5.06868821789053e-67
"AluYb9",156.991200251424,-5.47786375401281,0.244315290112436,4.69631652333325e-111,7.47497046630543e-109
"AluYc3",383.323134121007,-0.370239957622373,0.218462020542321,0.0763998924714322,0.115202709906805
"AluYc",3362.28401491484,-0.21153592328228,0.248648918662139,0.377660304590669,0.458279022724382
"AluYd8",213.758327694607,-3.71153417319785,0.663400900895524,1.27709561010422e-09,5.78021946753332e-09
"AluYg6",258.866773608669,-3.29044707115555,0.206442858198987,6.2012804995491e-58,2.691919489577e-56
"AluYh9",59.5563262983835,0.0127604522054166,0.197442139491792,0.947949403286086,0.960012386148688
"AluYk11",128.952590914527,-3.25657220796036,0.173741927906635,3.41339888499212e-78,2.50753533474421e-76
"AluYk12",66.7946607188815,-4.90117848362596,0.296393998888926,1.18591591679305e-61,5.6627485026868e-60
"AluYk4",1072.32980913438,-1.09035507535153,0.2642949810474,1.12148301478539e-05,3.29543470498476e-05
"AmnSINE1",244.436025862542,1.31166242193613,0.0805535420254889,3.01788658888012e-60,1.37241985351453e-58
"Arthur1",310.595017638037,-0.199760966186464,0.0832316715564038,0.0156355351656331,0.0269043893390623
"Arthur1A",169.177214802234,-0.145860271024997,0.154213734787473,0.332611019331948,0.415763774164936
"Arthur1B",274.537568776798,-0.374755139942047,0.0690937508911315,5.19072753393575e-08,1.93638468551119e-07
"Arthur1C",238.952070573754,2.33482845516661,0.166922343983353,2.00132386322025e-45,6.16536867540433e-44
"BLACKJACK",258.731009727593,-0.166871428745199,0.075649924948276,0.0267491582057852,0.0439680655533991
"BSR/Beta",358.301262722577,0.569901422510946,0.18815610658674,0.00167433198532209,0.00335217410059244
"CER",42.6571309373736,1.31227663635939,0.318926223374497,8.32829916964512e-06,2.49326824671194e-05
"CR1_Mam",325.404203964332,-0.339063486410464,0.107293104923585,0.00139821386904202,0.002847109264254
"Charlie10",203.683058011704,0.0256061517479725,0.113831756935813,0.820678550233764,0.855620104228433
"Charlie10a",41.9487075311458,0.0259801880239453,0.145063088612475,0.855583152986393,0.888132512067397
"Charlie10b",34.3372075122899,0.045280297231222,0.148539144153029,0.755961947030271,0.809353878266714
"Charlie11",11.8103059258755,-0.0183450527153084,0.270181573559804,0.941134273681946,0.955136271377532
"Charlie12",10.6364463374836,-0.791511852797162,0.349673082908841,0.0100545230024411,0.0179814034968749
"Charlie13a",106.948225423874,0.264901584154629,0.143807852011479,0.0599605290625711,0.0917665148313387
"Charlie13b",56.5930529505589,0.333747912626581,0.143389074139074,0.0175212971398377,0.0298800692295447
"Charlie14a",50.3837435902914,-0.55537835605673,0.141749906183464,6.33816903705486e-05,0.000160130990221889
"Charlie15a",475.655924877563,-0.24533026132009,0.100559953580518,0.0136789569939612,0.0238819084629487
"Charlie16a",273.15373516577,0.731869828983091,0.103077176257679,6.18933283685765e-13,3.86327637856147e-12
"Charlie17a",163.803477684099,0.189590546597204,0.098876840792762,0.0531156875474456,0.0826150692358778
"Charlie18a",449.368920948191,0.0886250452908028,0.0618956309864682,0.150344363443467,0.209604185530673
"Charlie19a",255.777211389862,0.668304639345065,0.0831246450478625,5.35431695004638e-16,4.22592784073909e-15
"Charlie1",542.798705881907,0.300692248979642,0.107698940265264,0.00471240064085146,0.0089648259203449
"Charlie1a",1456.45786926548,0.383424682098642,0.066162243824628,5.80538454763208e-09,2.42102281353215e-08
"Charlie1b",546.718007711071,0.154325912130431,0.105953069206723,0.141007833027638,0.197742262175321
"Charlie20a",128.148720426639,0.110495601997094,0.0842936629041391,0.186760323027115,0.249057041635615
"Charlie21a",100.417282948379,-0.137072704554685,0.0978362068830972,0.157603419805994,0.218448861995246
"Charlie22a",160.684327871516,0.612745151276904,0.096833224746596,1.47154849321575e-10,7.4499535569267e-10
"Charlie23a",169.290908430255,0.341061300855496,0.125544239364809,0.00570681287252657,0.0106942368664279
"Charlie24",208.056332066848,-0.154550270649524,0.131191652132757,0.230307489940502,0.298767093917556
"Charlie25",134.076768257586,-0.315657312288405,0.103739910865224,0.00212233048585409,0.00420503239417148
"Charlie26a",44.6965203657183,-9.9834881127357e-05,0.142840038861367,0.998222504878328,0.998222504878328
"Charlie2a",349.52754807105,0.56103588665336,0.0809413245777627,2.81356456504469e-12,1.66891562709173e-11
"Charlie2b",501.388286459951,0.17617515915439,0.0592778007922465,0.00283888574721152,0.0055216616875499
"Charlie3",149.154840007841,0.482391480019125,0.0852625911210415,1.18582678413435e-08,4.77833155632196e-08
"Charlie4",100.14297545293,3.25582421209567,0.151086915996104,9.32174249563488e-105,1.11278301041641e-102
"Charlie4a",571.010184573744,0.429098338653519,0.0690757184450418,4.09564695414199e-10,1.96065560703413e-09
"Charlie4z",891.955740623352,0.516504332740896,0.0721659708928289,6.03666295363421e-13,3.79277178994781e-12
"Charlie5",1139.55159733935,1.08800398813337,0.213612461538423,1.12625613431661e-07,4.02836931937216e-07
"Charlie6",67.4356915281865,0.910880521908017,0.182588012261299,2.4800007949393e-07,8.42847245255171e-07
"Charlie7",514.324243867955,0.0817980392752838,0.0569602693719495,0.149229651025635,0.208354264224387
"Charlie7a",163.348903380528,-0.12960881775578,0.0992918800777903,0.186988375762027,0.249057041635615
"Charlie8",798.221229742848,1.06523587641257,0.0695971387572535,2.07296449416393e-53,7.9187243677062e-52
"Charlie9",184.699530547158,0.527254675190574,0.0924764487823676,8.58481096198703e-09,3.51866715394747e-08
"Cheshire",412.534957246103,0.747788644720081,0.144839278522676,1.28844248983355e-07,4.55726880663347e-07
"D20S16",20.9910102227476,0.205227528582983,0.302633896028275,0.453144168568182,0.530984884641243
"DNA1_Mam",23.7843156818663,0.00295445636407025,0.209282649732297,0.989093679119203,0.991661288263779
"ERV3-16A3_I-int",1029.88149072517,0.127393551015073,0.0948803665897744,0.158817620756981,0.218861223409692
"ERV3-16A3_LTR",136.02570716591,0.230049394939372,0.103832389983184,0.0252649444108082,0.0418163291374728
"ERVL-B4-int",816.705620281873,0.323690141380777,0.0898017492230415,0.000279440735811836,0.000626445780986628
"ERVL-E-int",1197.82864840376,-0.124950348684145,0.0766660776532888,0.100984442442164,0.147461991639552
"ERVL-int",111.950262389571,-0.922395842148816,0.144840199323844,8.29676949821795e-11,4.37757727668406e-10
"Eulor10",4.00276094025379,-0.61794486820508,0.464602584466279,0.104768079636672,0.152520603739362
"Eulor11",2.06794479497044,-1.04950391970329,0.634014595274653,0.0264965786791398,0.043627987307894
"Eulor12",3.2758382935857,-0.731253281246747,0.446008589929452,0.0502737064373324,0.0790211830829803
"Eulor1",4.86212982291494,-0.960312715000514,0.393201738456813,0.00564806260341887,0.0106179129650886
"Eulor2A",3.46910405911466,-0.190572367649307,0.423320565854214,0.581269859585536,0.650776923686034
"Eulor2B",7.54744542541073,0.141691778846622,0.275610940702925,0.577830701690118,0.649858448480842
"Eulor2C",2.89184511357695,1.13989700951883,0.722123549055169,0.0211567925974192,0.035656456067635
"Eulor3",2.2317445885007,-0.291057650149083,0.485879010414948,0.437198492629761,0.517378637498664
"Eulor4",7.75859094634545,0.581167692873771,0.405588771417981,0.0887790125198142,0.13165210707519
"Eulor5A",11.4735993909553,0.0768904371262588,0.311886104932898,0.786794236306735,0.834116235678808
"Eulor5B",3.09586993120641,-0.0453339145640479,0.475534395470576,0.899772221042574,0.922967208480836
"Eulor6A",1.02062903793255,-0.622406715176473,0.655714623402446,0.164360452255378,0.225199758829105
"Eulor6B",2.74259941367812,-0.367192714106761,0.417891922754478,0.295049393224094,0.373703143937678
"Eulor6C",0.794141956953168,-0.576982070297107,0.800012178874994,0.174505716306339,0.236084003668655
"Eulor6D",7.43820849593796,0.349824489739845,0.299201646945708,0.19877966056181,0.263293447762176
"Eulor6E",0.866000113320346,-0.320964294336895,0.583967090266907,0.432826760568449,0.512973039863593
"Eulor7",0.524462787263732,-0.192069140671179,0.682329022857915,0.704034598988345,0.765777952202585
"Eulor8",11.2237251695711,0.223797764266651,0.261710315107849,0.360938163553137,0.442485168412383
"Eulor9A",11.6012879842315,-0.0696965315460645,0.333857710500551,0.813701708817794,0.850295963118648
"Eulor9B",2.20423631395057,1.82752683683627,0.733227149326285,0.00150451727170664,0.00304409744593188
"Eulor9C",8.18407960517364,-0.436115368569037,0.343056688854774,0.148821223470703,0.208088240724043
"FAM",1439.9535634037,0.018539270277006,0.114169242064518,0.870850994203841,0.902020281415041
"FLAM_A",4285.05699275889,0.0150145561175431,0.127329279792964,0.88849226601921,0.915329141368226
"FLAM_C",11530.3102802221,-1.13898111946723,0.187667781331561,3.66904079483483e-10,1.76966361569054e-09
"FRAM",4054.1484910639,1.30228816378304,0.176162390058773,3.57388600512866e-14,2.54706054843124e-13
"FordPrefect",78.888357224172,-0.749873856598196,0.144809784250631,1.27906737201278e-07,4.54092691551005e-07
"FordPrefect_a",40.3775798929157,-0.400327074507869,0.170082136015478,0.0154078042800871,0.0265603846344462
"GSAT",5.91818654751008,-1.73820621440016,0.474909878670618,4.4469746215667e-05,0.000115403825097723
"GSATII",603.523751122788,-1.91255686726581,0.216592509636124,1.51571261381648e-19,1.50781827728618e-18
"GSATX",6.41731213374381,-0.534216752092976,0.360743455123394,0.092590592809475,0.136600664066019
"HAL1",10481.6397161799,-0.865552186461636,0.112965674770968,1.41177436459821e-14,1.02919428869564e-13
"HAL1b",1213.37117600435,-0.852253730522747,0.0960926727613101,3.61532361776028e-19,3.45142529287228e-18
"HERV-Fc1-int",15.4802059594154,-7.219897328559,1.28431249081854,6.32655998769443e-21,7.10807622146844e-20
"HERV-Fc1_LTR1",3.60823437071349,0.153449124806889,0.395574989972274,0.640224128331316,0.705206508138877
"HERV-Fc1_LTR2",0.77184115835722,0.180659939313288,0.623793540387256,0.580384259881153,0.65054808472594
"HERV-Fc2-int",0.841539369908077,0.215660393924405,0.592769237990354,0.54506615308361,0.622175186750395
"HERV15-int",66.9962724058607,-0.637487661393631,0.170831227009483,0.000125766999490335,0.000301021264444287
"HERV16-int",234.548440767517,-0.0901422436163018,0.12973848239951,0.479049599018322,0.555883799589912
"HERV17-int",285.555809606592,-0.215974073073343,0.168863470019908,0.187891143726715,0.249910922366314
"HERV1_I-int",21.3765595327687,0.587805567134778,0.241353403372899,0.00916930104961051,0.0165846259514736
"HERV1_LTRa",5.0958634480036,-2.19030024665639,0.556128237982436,1.32900488506845e-05,3.8344400762549e-05
"HERV1_LTRb",5.52411170194426,2.51465300146864,0.44470552589961,1.64531077977799e-09,7.37686288585908e-09
"HERV1_LTRc",8.05817937501432,0.0668704345635938,0.286564692836683,0.799062474212756,0.842278877343468
"HERV1_LTRd",11.1769783923779,0.317142123686864,0.287641407171311,0.226967071104746,0.295707439161027
"HERV1_LTRe",8.31433561766687,0.076642594801306,0.345581767246246,0.802176215127018,0.843297201124425
"HERV3-int",141.229374747713,-0.0906046857510733,0.109150590685851,0.401193065695899,0.483151800428226
"HERV30-int",18.7015802313639,-1.25841715224845,0.340678596718057,6.02863724806407e-05,0.000152714816230801
"HERV35I-int",126.247922475343,0.10309302743926,0.141630983069993,0.459563478431741,0.53784696311558
"HERV4_I-int",165.590332152272,-0.464310747227846,0.113049769847491,3.17294725220859e-05,8.49391957791765e-05
"HERV9-int",138.337865257565,-0.879782983900784,0.156711106547357,9.06032551406137e-09,3.69769695125154e-08
"HERVE-int",654.575801972328,2.8258604823673,0.222334760026329,4.11435041421577e-38,1.06194720150704e-36
"HERVE_a-int",112.408201213279,0.916940929990759,0.145273155614253,1.05514773534839e-10,5.4764461264006e-10
"HERVFH19-int",35.6434223833622,0.541994176331182,0.17711185612049,0.00152343233379763,0.00307585175217068
"HERVFH21-int",46.0828153739274,-0.685791777145761,0.206134984916189,0.00052603939131911,0.00113401268331772
"HERVH-int",1670.03827755655,0.166019380444481,0.120060462773499,0.164276725150765,0.225199758829105
"HERVH48-int",67.1523017817243,-0.186861869386538,0.169587727637057,0.25483113890828,0.326662735110614
"HERVI-int",67.4732444477803,-0.323137578670482,0.271681478813172,0.199275706113816,0.263584902131155
"HERVIP10F-int",239.980753412946,0.142485011117911,0.153394152642622,0.342841926261351,0.425765981247842
"HERVIP10FH-int",440.365371136609,-0.0989498103628165,0.233719523981523,0.652344055814378,0.717728771086096
"HERVK-int",618.433181866343,1.02677734781021,0.116202464588203,3.65019847727854e-19,3.45142529287228e-18
"HERVK11-int",125.508426184996,1.29903127889964,0.213837778674713,2.82828854825567e-10,1.39227606370318e-09
"HERVK11D-int",18.2640965918746,0.435887200811603,0.262922935545688,0.0734108416502633,0.111281513930161
"HERVK13-int",28.7052434602014,-0.875622692797596,0.407689130514385,0.0117996758502137,0.0208293723418745
"HERVK14-int",164.067622375808,0.975813418759466,0.132749641899115,6.79468330457777e-14,4.66828960854084e-13
"HERVK14C-int",28.1085912311346,0.519450579072645,0.203698733178228,0.00788841969977152,0.0144595792961263
"HERVK22-int",159.405260309602,1.23149491996356,0.148988675400759,3.85416639288414e-17,3.20063383061248e-16
"HERVK3-int",242.337058283792,1.04909718044811,0.177746321028345,1.18864615567362e-09,5.40550989842051e-09
"HERVK9-int",383.543087481073,0.675001582242356,0.227067473671336,0.00167788170465451,0.00335225319653778
"HERVKC4-int",27.280202374522,-0.958573529418215,0.241275068397624,3.0441011828443e-05,8.18906092849663e-05
"HERVL-int",576.146758067675,-0.0376087909076559,0.0609765246808284,0.534839220487257,0.61317101508443
"HERVL18-int",50.3492619809351,0.744312825645754,0.157239730650268,1.15305373494686e-06,3.74546366283758e-06
"HERVL32-int",14.8163539284168,1.05549210161408,0.255188403559394,1.09563878558501e-05,3.23942736914454e-05
"HERVL40-int",212.616058193094,0.47737485442596,0.0725955844949062,3.61855757862683e-11,1.9634786861299e-10
"HERVL66-int",22.6769649012082,0.520889373057396,0.336571082399008,0.0797207823836204,0.119518598393026
"HERVL74-int",561.5792179044,2.23125868707388,0.397608177990901,2.07508770528721e-09,9.17457758587632e-09
"HERVP71A-int",122.778755190245,-0.410612831494263,0.122195846246949,0.000648855668339685,0.00138936583691569
"HERVS71-int",190.604432339959,0.98977246685943,0.156711566691909,9.89870874644031e-11,5.19410266640137e-10
"HSAT4",14.5475680420515,-3.22173246313098,0.475461539596794,4.20023063932486e-12,2.44586601253368e-11
"HSAT5",28.2655817865497,0.478073821150397,0.295512939738055,0.0753006968799942,0.113965397021227
"HSATI",7.79825674192784,-5.99323536138636,1.62394674394811,1.16632163634166e-06,3.77571919561451e-06
"HSMAR1",261.255419709559,0.133033506262368,0.154957043579184,0.380044656474635,0.460587115397559
"HSMAR2",775.624846706946,0.827022564717642,0.0772645739043667,4.57353905464045e-27,8.08838851329932e-26
"HUERS-P1-int",148.458558760077,0.0238545832705146,0.108127480430957,0.824360691155277,0.858521766688429
"HUERS-P2-int",99.9556370786702,-0.0826348499720043,0.1998049044491,0.666616506941142,0.730067390055952
"HUERS-P3-int",226.517186354918,0.92946798349497,0.183991036492887,1.74668627803567e-07,6.04378766494225e-07
"HUERS-P3b-int",192.510364582307,0.462162485637749,0.093906543567169,6.56945175924101e-07,2.17841195488721e-06
"Harlequin-int",878.664430073167,-0.177059614118972,0.127827391465441,0.158598770229246,0.218861223409692
"Helitron1Na_Mam",27.5727096237473,-0.463434775055892,0.175030659439501,0.00641639242960759,0.0118523303100102
"Helitron1Nb_Mam",44.6471543800711,0.0762012871123881,0.227857061827568,0.725717564120218,0.78223507193545
"Helitron2Na_Mam",67.5890100052361,0.436982822120646,0.147384702703401,0.00239490480494981,0.00471574038912798
"Helitron3Na_Mam",143.660356120676,0.0627224804162894,0.104999515285176,0.545657344107634,0.622175186750395
"Kanga11a",129.880432693349,-0.456038662512784,0.175272855953202,0.00708824505695219,0.0130680965818327
"Kanga1",84.3786820927996,-0.287194089188451,0.110689744519477,0.008527221726455,0.0155410243297033
"Kanga1a",117.370953929888,0.198435608881457,0.103985685039593,0.0536341566601618,0.0830155909407691
"Kanga1b",58.8875084814464,0.621530767524313,0.295166057121448,0.0212071906245201,0.035656456067635
"Kanga1c",114.154590828312,0.280912690603427,0.144523851020983,0.0474035826650616,0.0748271428845187
"Kanga1d",70.1461160917322,0.0224111744277393,0.110442614035683,0.837737853493196,0.870893871465196
"Kanga2_a",291.194719821446,0.640583224429573,0.0882741539737091,2.35549935773726e-13,1.5621540879438e-12
"L1HS",1913.15435467285,-5.53941953455759,0.145289466035704,0,0
"L1M1",8212.21217765546,-0.731880283734137,0.142207035256004,1.45864606237975e-07,5.08396711522868e-07
"L1M2",5361.88839053648,-0.795250354192634,0.13098485566661,6.4138432932075e-10,3.0173499236518e-09
"L1M2a1",74.829879099778,-1.80237488628485,0.181597279570418,6.21244993689565e-24,8.85505923841097e-23
"L1M2a",449.882919609882,-0.570914014845237,0.109582250985793,1.31938355414039e-07,4.63392922543604e-07
"L1M2b",94.172750027423,-1.73744301663174,0.184230329995161,1.09751539387655e-21,1.34375282198988e-20
"L1M2c",367.8149421006,-1.36007932177626,0.122235265755219,2.76277542297372e-29,5.38459291620388e-28
"L1M3",2771.27285812279,-0.260818683207808,0.13562285777241,0.0498872226164475,0.0786176528031475
"L1M3a",291.801641761063,-0.341077134409929,0.107889367551778,0.00137936745134617,0.00281473486332392
"L1M3b",321.006682976827,-0.91496075744429,0.160100100894669,4.4354954872145e-09,1.8826214179066e-08
"L1M3c",579.260380112683,-0.90071604144549,0.263151213835844,0.000250207271858375,0.000563556473171577
"L1M3d",366.349082500039,-0.331022486796736,0.151965969430747,0.025663705845501,0.0423296011786761
"L1M3de",184.883272731281,-1.25877318860554,0.179562945695298,7.37054071644281e-13,4.5706924572746e-12
"L1M3e",363.336546594184,-1.02051087990366,0.205199160490202,2.36150713490982e-07,8.11237163251396e-07
"L1M3f",701.151470022704,-0.771577070109569,0.187457086362615,2.05516700212504e-05,5.73884352932578e-05
"L1M4",7709.00419533295,0.0199768400974018,0.0860152779955934,0.815395640878008,0.851041351954642
"L1M4b",3523.4884319879,-1.37381923408751,0.140340081284569,2.76908563013597e-23,3.62257092709568e-22
"L1M4c",3698.32580552901,-1.383025446052,0.149550376213224,5.15380704303724e-21,5.85938776916734e-20
"L1M5",13329.5595171676,-0.847568073550531,0.0635673632190889,7.65547933497329e-41,2.08885221854271e-39
"L1M6",1754.19642977815,-0.8380291802084,0.19522798134122,8.11641327149572e-06,2.43747631266617e-05
"L1M7",2205.08804611325,-0.558329895757176,0.174977096402866,0.00105463064301246,0.00219427508513485
"L1M",123.908664379629,-0.974624101717451,0.107299113270119,4.03833473817508e-20,4.23803260984308e-19
"L1MA10",1051.91028053838,-0.592207455171895,0.145888201523795,3.24884850070501e-05,8.63840407557269e-05
"L1MA1",4013.54395751775,-0.607464299194217,0.162671501308102,0.000138523276158879,0.000329078927193357
"L1MA2",6104.18560777688,-0.856070295266648,0.109652470775448,2.70660012799556e-15,2.06784249778861e-14
"L1MA3",9408.67717268489,-0.646081707411917,0.103616302234564,2.74188994422376e-10,1.35673828846305e-09
"L1MA4",5874.86286647647,-0.851780313461814,0.117050826274127,1.56580023282577e-13,1.05305579038634e-12
"L1MA4A",5232.58169384715,-0.932577427968314,0.121228804537979,9.04504411622977e-15,6.69613731085227e-14
"L1MA5",3170.82097866651,-0.736662725035826,0.126828769988934,3.77377724163053e-09,1.61612433442025e-08
"L1MA5A",1712.54952771461,-0.977626331795545,0.107882493222993,5.09088782566338e-20,5.28456290598753e-19
"L1MA6",2718.99101194924,-0.824222657297868,0.109654105909768,2.76268686607347e-14,1.98373380233095e-13
"L1MA7",3405.00494330384,-0.653582254740815,0.0990896392960846,2.65257266329907e-11,1.46428144130093e-10
"L1MA8",3886.2596997776,-0.711587697914955,0.0871490741848646,1.86906418786027e-16,1.49996327681223e-15
"L1MA9",7770.4399945794,-0.365833701441261,0.115917460643404,0.00163765757551697,0.0032856365223082
"L1MB1",3146.38396438097,-0.532583200054476,0.105182174183895,2.98491892020274e-07,1.00727829285994e-06
"L1MB2",3521.89983492666,-0.236570454276104,0.0563258611038751,2.51249782133846e-05,6.89492936602941e-05
"L1MB3",6574.17394942461,-0.234732032117817,0.0512491529935451,4.36292313986344e-06,1.33544602518256e-05
"L1MB4",3683.45115205076,-0.0959110437454979,0.0448519869405264,0.032041787558289,0.0518642493528237
"L1MB5",4265.718517082,0.0743735795123069,0.0988586501935675,0.448776392639876,0.527809673609707
"L1MB7",9917.11647896404,0.0606718177830229,0.0633958741998271,0.314029808679068,0.394084713913942
"L1MB8",6194.0426442267,-0.0933767226163496,0.0554322112991367,0.0909205782978525,0.134410452437228
"L1MC1",6967.02047359331,-0.371239280515172,0.0702188338050666,5.05708256158957e-08,1.89392699855609e-07
"L1MC2",2413.47664704422,-0.447815746688776,0.100219667230957,6.31546963176031e-06,1.92692444036137e-05
"L1MC3",5146.84227650827,-0.393540635258519,0.0703495006648616,1.87339717916846e-08,7.36252800866618e-08
"L1MC4",8372.46525452444,-0.254184488144234,0.0523253737567912,1.10645769802419e-06,3.6187229507298e-06
"L1MC4a",5748.09501144032,-1.36614639142023,0.0783629218297792,1.03739825477995e-68,5.50397407397139e-67
"L1MC5",4210.14977936477,-0.234550724299297,0.0582906782802382,5.30447338487491e-05,0.000135811583982722
"L1MC",2001.07605551088,-1.05930752175771,0.0698854276620838,2.86277473848866e-52,1.05151918279103e-50
"L1MCa",5200.53696440826,-0.532338844770486,0.113405020332371,1.93074394974762e-06,6.14620157336324e-06
"L1MCb",934.814384705698,-0.451336438140604,0.1399885022318,0.00100172346380119,0.0020933170851863
"L1MCc",1037.99323833317,-0.621718820022855,0.135236546591404,2.79229120069259e-06,8.68611757870171e-06
"L1MD1",5317.29864891018,-0.0734038924849592,0.0937459000916645,0.428917590232685,0.510743514553882
"L1MD2",5069.87084029123,-0.202639260166296,0.0621372440379648,0.00111964998073603,0.00231944844165489
"L1MD3",1512.66289481883,0.0406054882583765,0.0540404651309392,0.451797762808082,0.530709549178006
"L1MD",2621.62823083413,-0.720511104123709,0.0722077302398293,5.16379145177741e-24,7.47184975219307e-23
"L1MDa",5052.05067029344,-0.807229325896635,0.112561093003063,3.69220178110249e-13,2.35070180063525e-12
"L1MDb",334.224442945231,-1.19582140420907,0.162687975270339,6.04724268912301e-14,4.19170041039646e-13
"L1ME1",12937.5549852037,-0.279356366552438,0.0723035009611123,0.000101775805979941,0.00024731779824642
"L1ME2",4807.17028706771,-0.231243799092619,0.0720520736238955,0.00125052474989963,0.00257381710378049
"L1ME2z",2080.90392838175,0.240799432501714,0.0730721568949722,0.000920660656205692,0.00194951424983689
"L1ME3",2587.60525298947,-0.147405119417043,0.0596061174351606,0.0130383598375382,0.0228470342107321
"L1ME3A",4195.21839807747,-0.169433122790915,0.0422678501118992,5.96914116367294e-05,0.000151609835407119
"L1ME3B",3046.87091554244,0.106888185350731,0.109916820419262,0.325888431749389,0.407894432923547
"L1ME3C",2128.90687495908,-2.07914086757718,0.0648377101624922,1.09112957318963e-226,5.21014371198046e-224
"L1ME3D",1248.27108781114,-0.180684486657232,0.0719451537705712,0.00883289912975533,0.0160064870377919
"L1ME3E",1344.51573695305,-0.682114374504661,0.0779914029641429,1.38617169866753e-18,1.24886223795047e-17
"L1ME3F",2074.54889163773,-0.0108475139152962,0.159454426928317,0.94407957532755,0.957108274350117
"L1ME4a",7215.46511124305,-0.427898792768305,0.0627101940449032,1.17726385663152e-11,6.69218442311372e-11
"L1ME5",871.323053906049,0.090582387069818,0.129226612211835,0.477317006101692,0.554547129959996
"L1MEa",147.466013223466,-0.965936669221837,0.160654200920066,7.30977917707421e-10,3.39159707835478e-09
"L1MEb",507.177549024126,-0.527676958591165,0.094700697650026,1.91800362586958e-08,7.47629984777736e-08
"L1MEc",8956.52376083176,-0.672131531106983,0.129104161687045,1.09077430042056e-07,3.91612577782568e-07
"L1MEd",5264.38276748667,0.260587856950331,0.127891982998417,0.0386296480593887,0.0613832177981968
"L1MEf",6965.17713923524,-0.779691776186816,0.0920437298655707,1.14539891288621e-17,9.76657108755656e-17
"L1MEg1",233.365479849422,-0.0565847744299525,0.147460798578557,0.693937278043775,0.757382972036349
"L1MEg2",222.793355417433,-0.492578884917209,0.127246069083118,8.10684893403291e-05,0.000201615644062537
"L1MEg",7403.58243878749,-0.668944866053702,0.161930492313694,2.425709179285e-05,6.67594313030887e-05
"L1P1",1901.28162182526,-0.370611915359786,0.138578306426274,0.00637356365736989,0.0117960335131555
"L1P2",1639.49730254516,-0.416131673649955,0.112699618060622,0.000181755734273505,0.000421302733570868
"L1P3",1689.9284016563,-0.763503422499835,0.118892741842981,7.16276420619888e-11,3.80024434273329e-10
"L1P3b",27.2626940334322,-0.502224687376514,0.230397346881081,0.0220281205990542,0.0368421281472798
"L1P4",1276.92810962149,-1.30617119063539,0.132151697232783,1.26249864846444e-23,1.77306795482873e-22
"L1P4a",1134.05591675406,0.928793027419005,0.304749921696486,0.357509881546376,0.441113613535903
"L1P4b",42.2797913005328,-2.69652600029987,0.263254648019065,2.57458710004088e-25,4.03070603367055e-24
"L1P4c",3.96733837812052,-0.263923903019525,0.435614177034861,0.452680354463164,0.530984884641243
"L1P4d",122.146929744166,-0.300122886961676,0.199543473385472,0.117404105856821,0.169111494861635
"L1P4e",88.2290840657229,-1.42270178391796,0.155907175111504,2.30175699927235e-20,2.46986284753381e-19
"L1P5",70.5252579305846,-0.766068164995809,0.139098692359651,2.09914207628962e-08,8.11611612492545e-08
"L1P",9.29979125697649,-0.28559779442667,0.3760426226737,0.377318880910401,0.458279022724382
"L1PA10",6098.66942026512,-0.810142075042326,0.115514746088522,8.28751671338325e-13,5.04113277788599e-12
"L1PA11",3116.11017064623,-1.1653555516563,0.118216152046716,1.96839719361648e-23,2.72437582594745e-22
"L1PA12",1660.26336755372,-0.40076203292889,0.102780524876787,8.48757472883993e-05,0.000209990514664304
"L1PA13",5279.9718532617,-1.10409810665278,0.124577433198142,2.57097775604711e-19,2.48008460305554e-18
"L1PA14",1943.19151752868,-1.37242327250606,0.139756773691278,2.15430693069397e-23,2.89769453353908e-22
"L1PA15-16",1154.93723167695,-1.35157814172176,0.137736261295595,2.35167043365238e-23,3.11922953352503e-22
"L1PA15",6390.18593891302,-1.17364539002003,0.128476623664197,2.36981921923392e-20,2.51464150485377e-19
"L1PA16",8912.42540670996,-1.20123738229233,0.13104635254161,8.02123837165004e-21,8.9073054010765e-20
"L1PA17",2898.74096241065,-1.27982365457303,0.147608618118614,1.10085813951619e-18,1.02069856625045e-17
"L1PA2",8831.01495893652,-1.06040466557694,0.17653283879347,7.31590573969722e-10,3.39159707835478e-09
"L1PA3",13958.3185407195,-0.770629558058995,0.109799643725806,1.17824393006262e-12,7.12166426082153e-12
"L1PA4",11368.423676185,-0.663776780091076,0.0994763090563597,1.5236509113397e-11,8.60998000194918e-11
"L1PA5",9457.13033186036,-0.465948144015523,0.0826829100937642,1.36910958965106e-08,5.44791524215317e-08
"L1PA6",6375.86660719145,-0.745128469190547,0.083251735598543,1.75536269913087e-19,1.72821791512369e-18
"L1PA7",15446.1162561302,-0.586220815209926,0.106229851905915,2.38180233878075e-08,9.17185981264363e-08
"L1PA8",4690.75154484778,-1.18443985423086,0.11728008321776,1.5736466335008e-24,2.34817583592697e-23
"L1PA8A",2707.01645761862,-0.986100750780318,0.118037589401961,2.51509956531994e-17,2.10694744287767e-16
"L1PB1",15949.8894017917,-1.23211575183423,0.105098340804775,2.3394213718874e-32,5.19569165151736e-31
"L1PB2",2215.77143965498,-1.30203011784529,0.12540228724427,9.306877518768e-26,1.5324255224868e-24
"L1PB3",2674.41109957773,-1.5040064785618,0.134527721725824,1.02639179148562e-29,2.04209200180994e-28
"L1PB4",3583.46989659822,-0.901400662634294,0.13126154181669,2.75077211031506e-12,1.6418671033443e-11
"L1PB",965.628566007543,-1.30717756313403,0.178657214465477,6.05711682340012e-14,4.19170041039646e-13
"L1PBa1",622.674306311434,-0.974508629223177,0.11030586508089,4.26141795243947e-19,3.9898570044899e-18
"L1PBa",2971.90364974129,-0.735141357704007,0.18447294597994,3.93945801043329e-05,0.000103356659339665
"L1PBb",170.966133106109,-2.18959106555588,0.248881407882099,1.99569943000349e-19,1.94478873025851e-18
"L1PREC2",4880.41534242873,-1.10462097413722,0.118258928841068,3.85040159263788e-21,4.48430917191362e-20
"L2",13745.0689807202,0.166042046548611,0.0565826654919648,0.00269930716160492,0.00528245561338667
"L2a",37137.4278078429,0.243435154498236,0.0657982799248026,0.000226442392871616,0.000514886869505699
"L2b",17372.937174694,0.38011355804911,0.0554196180682398,3.90945872443709e-12,2.29051109315179e-11
"L2c",24289.5677893737,0.256439600825341,0.0611189190129132,2.00492349561767e-05,5.63147628916138e-05
"L3",8180.70044907701,0.478866820317105,0.0594529927831387,6.38409011432058e-16,4.99738201571816e-15
"L3b",1113.10322513998,0.868694731742478,0.092205742148909,2.06954759102598e-21,2.47052243678726e-20
"L5",88.5753674255163,0.238691822149014,0.111760815577331,0.0306790884163606,0.0497428343592943
"LOR1-int",321.885266761269,-0.182453498491495,0.0982041724206962,0.0609712399215824,0.0931640546001778
"LOR1a",135.443123217434,0.196778233017054,0.121014964641145,0.0985055450689195,0.144505062274682
"LOR1b",176.620704972697,-0.167312547210169,0.120122463916714,0.157988471550513,0.218532575648204
"LSAU",23.7728110892408,0.429776158059922,0.350684273479884,0.159101137228437,0.218936002958441
"LTR10A",102.288640957384,1.55926335691356,0.301743484484152,0.000203666962438845,0.000466431532683685
"LTR10B1",19.9190736579203,-0.279954768874468,0.197833112481542,0.140640469825993,0.197517130417387
"LTR10B",7.41727214777662,0.506209968724453,0.328251748406223,0.0826130382478581,0.122890111412312
"LTR10C",189.631123092748,0.919784922019649,0.078021974725162,1.57303657008617e-32,3.5767855343626e-31
"LTR10D",73.2913901125558,-0.492965318109411,0.274213058929599,0.0516940073076443,0.0807983256608843
"LTR10E",86.7991451018755,0.997084959652892,0.125641921941737,7.31084688950806e-16,5.6763079507969e-15
"LTR10F",89.4424308107283,-0.0404127252886523,0.12421309223527,0.741025815675273,0.79514567861785
"LTR10G",40.0913870540722,0.216443871262676,0.163735566174607,0.174529116848241,0.236084003668655
"LTR12",213.089614365088,0.410435610734232,0.0962271354496627,1.61765660737863e-05,4.62533550912152e-05
"LTR12B",44.5810270194182,0.134394704421295,0.176259281324462,0.432938502753985,0.512973039863593
"LTR12C",1630.84352707691,0.463164710279809,0.107375330114084,1.26687916632191e-05,3.67741520923231e-05
"LTR12D",146.95404537322,0.171609723355048,0.146495514207709,0.232251024091274,0.30054163686608
"LTR12E",89.0309400678967,0.787409503336109,0.21405119448528,0.00011222069483643,0.000270633241335329
"LTR12F",200.416261979031,1.28432164735272,0.154101886122118,1.8162524980276e-17,1.53497445629766e-16
"LTR12_",110.216147018423,0.0293352095972426,0.119526945901417,0.803899431425103,0.843652700012058
"LTR13",849.78484573998,1.58913203249461,0.164439938348343,7.41581561259873e-23,9.44280521337571e-22
"LTR13A",226.016594883174,1.63908817379116,0.177162708896169,3.10447497811896e-21,3.66021432605383e-20
"LTR13_",19.9393370615186,0.178208778700649,0.246103746451495,0.440147338734389,0.520223649122947
"LTR14",32.0780520336364,0.205747881092613,0.15793504937903,0.181172146852227,0.243004775623423
"LTR14A",14.5722871460727,-1.40692057040311,0.283012246236908,1.41763133749539e-07,4.95911328684286e-07
"LTR14B",108.432703517936,0.344304213176717,0.135502511394211,0.00965390493839844,0.0173298481506965
"LTR14C",17.7467686180149,0.399855201436167,0.242350464657765,0.0815709436539022,0.121719142483557
"LTR15",198.974249115992,1.77027507339008,0.207152117181814,1.77264981954328e-18,1.5674820163554e-17
"LTR16A1",413.287409883751,0.375719106682477,0.0851962035154358,8.80007151903864e-06,2.61808981329654e-05
"LTR16A2",223.850720143263,-0.4631714273332,0.0974390113159201,1.67588076423548e-06,5.37069171088886e-06
"LTR16A",785.76499683954,-0.484988654815221,0.0657294969844082,1.23914355440576e-13,8.39278081175533e-13
"LTR16B1",210.613696089528,0.0657816788382867,0.122787720772316,0.588733210002199,0.657590895382573
"LTR16B2",207.897832442287,-0.0132646956476838,0.0994814721169795,0.892365779254943,0.918329007746196
"LTR16B",103.810079263635,-0.116205111001364,0.128996455017898,0.359744636144121,0.442157178272376
"LTR16C",863.581477048512,-0.183168711198161,0.0500771990712586,0.00024742243913903,0.000558601487890718
"LTR16D1",72.5876441174492,1.66474518850573,0.237061172851617,3.09055117867713e-13,2.00780705825623e-12
"LTR16D2",31.6435777637988,-0.213590737007913,0.187072446093864,0.239756866469614,0.309834651527038
"LTR16D",144.674992742753,-0.368771555122813,0.104767109676938,0.000364655259779013,0.000800564995606799
"LTR16E1",342.816201880719,0.616681323270537,0.0821674221287328,4.02191755256217e-14,2.8242141637477e-13
"LTR16E2",280.318639225456,0.128141351588907,0.08020211046606,0.107930397024614,0.156646700848793
"LTR17",228.069707091351,-0.00496307091349432,0.0910747364861415,0.955632505170163,0.963875012239274
"LTR18A",17.3993826526196,-0.546764628857463,0.23076560297449,0.0126340750110809,0.0221793044771733
"LTR18B",99.9758715143072,1.45142986488433,0.2193733437984,7.1162935207724e-12,4.09401223634798e-11
"LTR19-int",54.555352492882,0.667057363876717,0.166573772249767,3.71963309129062e-05,9.84002659884361e-05
"LTR19A",120.87254361787,0.28727506124172,0.122483371835909,0.0172216553899706,0.029421611623295
"LTR19B",76.1584684842624,0.0550415483200397,0.112042372011487,0.619218592177106,0.686025238432873
"LTR19C",49.8949901712425,0.313579390156691,0.194849751822093,0.0926881992824925,0.136600664066019
"LTR1",214.680678037459,-3.87341324338902,0.18056978299769,6.73502424163807e-102,6.43194815076435e-100
"LTR1B",112.543830440925,-2.37419567137644,0.199529419649101,2.74824092818283e-33,6.40139045466976e-32
"LTR1C",43.0934396198199,-0.822773699486228,0.159855220262566,1.31982067991477e-07,4.63392922543604e-07
"LTR1D",140.362248187251,-1.64244780209829,0.132004399946261,4.26421970239201e-36,1.07166574099589e-34
"LTR21A",37.8820972958982,0.489178178934221,0.185391139055232,0.00591387819928639,0.0109665120006185
"LTR21B",14.4319261704412,1.21608596113142,0.33393510507073,5.70355124677388e-05,0.000145638808574039
"LTR22",8.53941373876602,-0.230721797130799,0.326159910399224,0.42336498325146,0.507294302390394
"LTR22A",37.4880772770948,0.240175367367345,0.276563533913025,0.34592537964932,0.429037321513117
"LTR22B",36.4684731237784,-1.09380958462929,0.171549683662287,6.9173592481455e-11,3.69054641451338e-10
"LTR22C",41.3545893662946,-1.51118412451237,0.386806637635567,1.66118564270052e-05,4.7215246689851e-05
"LTR23-int",28.0702175908559,-0.264171892620116,0.164952226409647,0.0990400470611081,0.144844172960732
"LTR23",139.934541426638,-0.140151222767524,0.116817726421799,0.22455317075383,0.29369084436066
"LTR24",91.3239829827003,0.427562785716615,0.138254120076572,0.00156100899799658,0.00314507087149099
"LTR24B",103.783497715844,0.0129504325360402,0.119813385391563,0.913475216345534,0.93301479316576
"LTR24C",73.8731843081271,0.0525335332802378,0.143359284881286,0.709620377506681,0.76835312984
"LTR25-int",186.563462546102,-0.464379076742269,0.0741863589449255,3.38777913747695e-10,1.64229902349771e-09
"LTR25",172.319826107181,0.934856488173039,0.248459369963264,6.64333191616623e-05,0.000166957420524704
"LTR26",94.2411247767747,-0.379587280325879,0.144532225752491,0.00715282035074243,0.0131617407224644
"LTR26B",102.241198549934,0.494301489840532,0.135967984192892,0.000203640955423109,0.000466431532683685
"LTR26E",51.9068877619352,-0.0943309408300867,0.120668922066361,0.428505955374646,0.510743514553882
"LTR27",64.3504020125534,-0.468633663327626,0.136398370180829,0.000473795918875117,0.00102602064064793
"LTR27B",68.6068758326869,-0.968320430979107,0.174678699894505,1.26196492234687e-08,5.04257950142786e-08
"LTR28",69.9495825408564,-2.87576676157037,0.160322029635206,3.52956744457851e-72,2.24715793971499e-70
"LTR29",597.633851395656,-3.66975316540012,0.210530366091971,5.07637366051279e-69,3.02996052861857e-67
"LTR2",413.517794824268,0.13176511542123,0.128358620376873,0.297143532279137,0.375359885352613
"LTR2B",367.687341358122,2.62711257615887,0.128279083599378,1.90893301121529e-94,1.65730093246418e-92
"LTR2C",146.690887533421,0.692868608214646,0.170050397186718,2.60859236945616e-05,7.12233663039574e-05
"LTR30",24.3115333461593,-0.0476056959822132,0.249946132273263,0.838064364268602,0.870893871465196
"LTR31",95.2185716456766,0.192653620985724,0.189874164875771,0.293562027879634,0.372313063247079
"LTR32",331.639443901106,1.43881438392176,0.166724650594378,1.23120533183264e-18,1.11981056371445e-17
"LTR33",1390.23420925215,0.0371708015126955,0.0539618945460718,0.490439823164851,0.567033935983574
"LTR33A",259.815564193692,-0.166724915371889,0.080808138626768,0.0380737726848815,0.0607019247313219
"LTR33A_",527.292667802532,1.60303534737349,0.201404468090572,2.94485180402681e-16,2.34361122737133e-15
"LTR33B",147.731212304086,-0.150076706591527,0.0922037463844818,0.101248962591385,0.147622533243928
"LTR33C",140.829039115657,0.197422736198359,0.0879416735935494,0.0236170038720246,0.0392247629526669
"LTR34",74.3868103117537,-0.130358393955967,0.160550824146707,0.403028459805274,0.484750855307351
"LTR35",44.3306834590652,-0.0768184286106972,0.16503365667398,0.633183293713542,0.699063636412061
"LTR35A",16.9932154639129,-0.285829276690344,0.280500430114101,0.271213828294238,0.345345608027997
"LTR35B",30.3970572480861,0.246485659255876,0.164505938884003,0.123408889743537,0.17669488711406
"LTR36",197.400740281852,0.521208121553565,0.152261387198156,0.000456419570462413,0.000992894509775864
"LTR37A",234.254484599188,-0.0956770823221102,0.0862241956752696,0.263223163168231,0.33561831885936
"LTR37B",215.331789357915,-0.253693053101396,0.0671822662089773,0.000151238274863579,0.000354871136350657
"LTR38-int",9.2545998309977,-0.665924890581088,0.280495666198734,0.010634933924497,0.0189131506478484
"LTR38",46.3055626777789,-1.26494311094898,0.146934365809604,2.9637585624225e-18,2.5730812973759e-17
"LTR38B",45.0622982750732,-0.657438934206605,0.159275558497169,2.32386740887176e-05,6.41414270367782e-05
"LTR38C",30.1299402342149,-0.675064949316315,0.186214778199727,0.000170909235326475,0.000398093462772642
"LTR39-int",15.7947818940492,-0.499339627268917,0.21138731923704,0.0135187183134135,0.0236453772697983
"LTR39",551.04253516542,1.96585591126056,0.229196924578601,1.22483992696877e-18,1.11981056371445e-17
"LTR3",25.8534417848158,0.277310124199528,0.246619667779143,0.228811062649546,0.297703766798796
"LTR3A",63.3241912043308,0.498432346810025,0.175644055888088,0.00333534807659882,0.0064609683836752
"LTR3B",47.5718062232147,2.40126612270528,0.282784829075802,1.51583377477689e-18,1.35291706066535e-17
"LTR3B_",36.2208018105038,0.048911375331048,0.168127966367271,0.765625479701362,0.81604055035134
"LTR40A1",42.1993454400597,-0.294067077944632,0.191987360130198,0.113650018272661,0.164199345613299
"LTR40a",278.205881711605,-0.0455860472826785,0.0763540408524293,0.548091355981689,0.623870375402281
"LTR40b",136.37497678509,-0.057506958299309,0.0990392060271124,0.557253993780663,0.631290111578331
"LTR40c",97.2916771737699,0.190565330665736,0.105338651366821,0.067044594071889,0.102280490956316
"LTR41",351.288172867586,-0.597825811552192,0.108453041179808,2.39883091013657e-08,9.20033541839529e-08
"LTR41B",165.163780288301,-0.286716295843176,0.097243096036013,0.00287715437321837,0.00558472037890965
"LTR42",118.781699380834,0.86297750794873,0.120720754877388,3.64965790512531e-13,2.33921026805011e-12
"LTR43-int",25.8846478045261,-0.839373253671962,0.231420739250952,0.000146336838352327,0.000345065878090055
"LTR43",162.148426146507,0.441533909475206,0.126971920838998,0.000395173271684421,0.000865574482703262
"LTR43B",37.6082243397813,0.244401467303497,0.17230611260577,0.145460325225362,0.203687112302376
"LTR44",43.5680432841094,-0.252276942119913,0.197983217193683,0.186451451247853,0.249036553764614
"LTR45",18.5323786870273,-0.197441682860811,0.239670203458572,0.380913437365589,0.461054921019185
"LTR45B",80.7824368329373,0.0155254253235647,0.117852222595595,0.894410179751296,0.919442111585025
"LTR45C",99.9134569709403,-0.143441711978909,0.128956550253095,0.259211924771347,0.331832959995491
"LTR46-int",123.017902506646,2.65632502574364,0.189813775478606,1.35703344595645e-45,4.31988980296137e-44
"LTR46",77.5471704465429,0.0231074639015731,0.154394582858876,0.878760021705837,0.90824223022627
"LTR47A",141.159200617761,-0.0614398910848486,0.101280215168279,0.538178248269554,0.616259265104825
"LTR47B",38.9853576692286,-4.32326954321023,0.320277142200887,2.55813031103133e-42,7.18533660892625e-41
"LTR48",181.914753534013,-0.00142841179863829,0.112077046256621,0.989040953081467,0.991661288263779
"LTR48B",229.538049652048,-0.444690743540944,0.126453881137643,0.000339068388225847,0.000747829816987722
"LTR49-int",432.857698034244,-0.303046816424574,0.0867120015645986,0.000433855973366843,0.000945964508140035
"LTR49",218.462802118727,0.0247914087346189,0.0914695054784124,0.785979661406519,0.834116235678808
"LTR4",30.4748894329956,-0.542353578803705,0.174006307398952,0.00134452015462253,0.00275540074606119
"LTR50",478.482126627473,0.262438131018947,0.111053812908835,0.0166889948042073,0.0285627061613225
"LTR51",88.3484715727379,-0.0434166890186448,0.117317088963445,0.706412688224457,0.76724547576575
"LTR52-int",63.1821997514728,-0.427966115540529,0.1326133822557,0.000994367654666735,0.00208250243466389
"LTR52",148.779122114762,0.256913938680297,0.0941717415073026,0.00585142142660416,0.0108929970027426
"LTR53",149.653792899434,0.319206615975048,0.105404090100864,0.00215098172221537,0.00425297628305523
"LTR54",159.163653807345,-0.163424634951827,0.08636552587287,0.0566510020195941,0.0871203010124192
"LTR54B",134.227458285666,-0.537443516113868,0.137514874508205,7.07602180416828e-05,0.000176900545104207
"LTR55",76.595900797661,0.111538977785957,0.139371275374189,0.414561849878462,0.497370058585341
"LTR56",209.533593190227,0.0973658825193664,0.116686243363216,0.397411928291965,0.479808333146431
"LTR57-int",46.7332647080995,-1.2403851305985,0.157051006689425,1.13400821715875e-15,8.7336923176339e-15
"LTR57",35.063935930211,-0.0544393343844258,0.167056888717334,0.738078000275008,0.792873442365166
"LTR58",11.6618973568822,0.224712928581072,0.249710430878671,0.335138749134211,0.418375824082577
"LTR59",21.1058260130219,-0.106894784785148,0.257967066300636,0.655954638454514,0.720870747668655
"LTR5",894.205279298505,10.6931787865312,0.369166105975347,7.93585177003094e-183,2.52624614679318e-180
"LTR5A",957.674619308455,1.42007427560261,0.186441552141206,5.59337680154303e-15,4.17318347302625e-14
"LTR5B",435.739573912282,0.977242526005755,0.136689912577877,3.31246174460531e-13,2.1374330852014e-12
"LTR60",29.5530617199391,-1.47301360289545,0.322204206643785,8.54411172998891e-07,2.80399543028846e-06
"LTR61",95.8860013577077,0.621798105019056,0.14881075599667,1.82090288158205e-05,5.12968215902908e-05
"LTR62",108.72636802348,0.444920067072531,0.218877325477197,0.0325760909583257,0.0526398762524553
"LTR64",108.764712088315,0.425079149948231,0.0993191793580095,1.51945925382883e-05,4.3576083705902e-05
"LTR65",101.049357938167,0.309613922582333,0.113460665468997,0.00549072116749829,0.0103424826725066
"LTR66",49.7355440220693,-0.444478209243975,0.201154795566782,0.0212043829906569,0.035656456067635
"LTR67B",492.312108723466,0.108139556940956,0.0544593327237841,0.0463758147155797,0.0733259984327461
"LTR68",43.7067791939415,-0.416734372793185,0.154765931868631,0.0057110584312861,0.0106942368664279
"LTR69",25.8515640273493,-0.701170858986738,0.220407930961433,0.000860203527028624,0.00182960883811211
"LTR6A",1075.23124095985,3.2125946434402,0.209115759479509,2.00355761542857e-54,7.97248967805952e-53
"LTR6B",151.087770041398,1.96193066424218,0.160949590036557,3.33719352248979e-35,8.17184567686603e-34
"LTR70",68.6261366034803,0.755364064934153,0.129040303219367,2.39210050363431e-09,1.04313058491816e-08
"LTR71A",34.5021322242496,0.181693707716684,0.175449620435024,0.287113861153005,0.364619331650426
"LTR71B",72.6685912228047,0.325128179723036,0.242932932086837,0.154417406555947,0.21465592905521
"LTR72",70.2930205257721,-0.143986283202556,0.176121092496259,0.39807856334157,0.480006348473736
"LTR72B",20.0403788103966,-0.310913510698516,0.206064577953452,0.115702254836953,0.166911863095604
"LTR73",45.1253032411741,-0.0654104108994692,0.199829563395107,0.732952921396976,0.788254549475351
"LTR75",55.6083063130671,-0.0673527384767049,0.187624256178359,0.709403161363322,0.76835312984
"LTR75B",25.1955959994542,-0.656420570862381,0.225316795345361,0.00215811508135123,0.00425826426175708
"LTR75_1",26.3663442571022,-0.713490272629878,0.177822942380549,3.7628339042366e-05,9.9268132004032e-05
"LTR76",191.787022262384,0.736979952457134,0.122608104237919,9.96401970170104e-10,4.55293723211698e-09
"LTR77",20.429744679347,0.114310441171506,0.250989239429385,0.628041702599162,0.694189613405324
"LTR78",775.153801453558,0.479872226392591,0.0804882771440074,1.92188902592406e-09,8.57665429793211e-09
"LTR78B",360.409861509671,-0.205399911288257,0.0515022083372563,6.48291999054766e-05,0.000163355899497969
"LTR79",619.445416623789,0.441268209198885,0.0825824823038882,7.03612874401105e-08,2.58442421174252e-07
"LTR7",694.977492942701,1.27378931639172,0.166826706350656,5.5773699005327e-15,4.17318347302625e-14
"LTR7B",447.199967981133,1.02430403259134,0.0843269078703569,1.80311796107184e-34,4.30494413205903e-33
"LTR7C",103.023816841102,-0.258632170542624,0.172816664973292,0.122436085513284,0.175565257755534
"LTR7Y",88.9274896486333,0.504258420603675,0.220879239628989,0.0159378075088682,0.0273260433949177
"LTR80A",41.7152022225761,-0.461100459890176,0.164241456350924,0.00391395334607792,0.00749063215531947
"LTR80B",54.3267013445064,-0.819005902520048,0.169565779810518,6.28581485483955e-07,2.09893468054957e-06
"LTR81",22.5257460036528,-0.130875870449631,0.184086606376403,0.462468090047368,0.540076076040984
"LTR81A",85.9984333433788,-0.949222570544769,0.105236418747905,9.86288358930673e-20,9.95278426656156e-19
"LTR81AB",23.5138796548227,0.21306399187007,0.327205075503955,0.462849321925146,0.540076076040984
"LTR81B",181.448509527606,0.136487416680065,0.153588344445079,0.363593749893771,0.444030730368991
"LTR81C",66.0456298796662,-0.384208772949287,0.118654027373836,0.00104050821422299,0.00216961865629466
"LTR82A",118.999161381811,-0.474232620816196,0.103339516052057,3.55902043630703e-06,1.09995615426318e-05
"LTR82B",135.205214413791,-0.50691995603582,0.12592126792471,4.2802493997003e-05,0.000111990087033254
"LTR83",81.8596645315633,-0.209106517646914,0.164748168612435,0.19167726227218,0.254592191196011
"LTR84a",129.509832424021,0.490760958919308,0.105944821059539,2.75052610258058e-06,8.58415826132175e-06
"LTR84b",147.650967899109,0.252230317990147,0.084973806249322,0.0027469452692684,0.00535374026969658
"LTR85a",190.073442310894,-0.342728450739694,0.0842656586786025,4.29301854433375e-05,0.000112017287154064
"LTR85b",144.177684645269,-0.219886645242449,0.10740021609834,0.0384981044105127,0.061276149520066
"LTR85c",108.650312024574,-0.531386336988487,0.099242822244733,6.4531214577101e-08,2.38865542329967e-07
"LTR86A1",104.04206239825,0.00341184764007099,0.169912368851713,0.9846211666513,0.989803383317886
"LTR86A2",52.8172783547282,0.30076234424449,0.134520874672223,0.0222067740676076,0.0370344172548148
"LTR86B1",44.6670423520293,0.63027541685165,0.155600246908674,3.21920649848287e-05,8.58754806159536e-05
"LTR86B2",42.8897187520321,-0.0138292534109795,0.149622161313944,0.923735060525109,0.940476527506907
"LTR86C",44.8725176473581,0.380349988637411,0.173281360473932,0.0231401990975298,0.038499808603033
"LTR87",174.469369716723,0.39957885116542,0.105650589847375,0.000129053837651797,0.000308116037393665
"LTR88a",68.8816704352729,-0.482241063621969,0.136610344454222,0.000324023638855625,0.000719633895597957
"LTR88b",128.04696208548,-0.272935089074065,0.103915486074204,0.0079728893618454,0.0145864163612306
"LTR88c",85.417104798687,-0.101277585511636,0.113357624007878,0.365575839353,0.445881132288781
"LTR89",121.686777865527,0.210819647610799,0.133745447964403,0.108138580465202,0.156710689445019
"LTR8",745.262414637028,-0.065941283438492,0.0656934054649753,0.312750823036306,0.392996099999569
"LTR8A",449.082497568203,-0.465417333235365,0.0874043843293423,7.67976233577382e-08,2.81002798109732e-07
"LTR90A",44.0110834591755,-0.52545954142725,0.156792172249219,0.000604988520973661,0.00129834615175246
"LTR90B",112.269531233584,1.41741924089172,0.234954181248836,3.06817978866539e-10,1.4949549480487e-09
"LTR9",292.426825696327,-1.83750073938866,0.0937017916345722,7.06096967992383e-86,5.61935503693938e-84
"LTR9B",203.255537304142,-0.4225871346643,0.180025169367138,0.0152112648719041,0.0262690017227277
"Looper",178.286592024999,0.31168294359865,0.202599929852792,0.108921096235706,0.157605525613787
"MADE1",406.257306782889,0.120529165301887,0.0573102988859402,0.0348619489667859,0.0560490930358258
"MADE2",257.059418555188,0.997290303586065,0.129249663881448,3.97628154526022e-15,3.01376894898691e-14
"MARNA",532.846034823311,0.353269111758054,0.0835288324197522,2.02681017279407e-05,5.67625722879277e-05
"MER101-int",336.736876250977,0.143614345111989,0.127780439973852,0.253903095661817,0.325910559619671
"MER101",45.046164414537,-0.625150532191966,0.128857805019332,8.11066068407473e-07,2.6709244666522e-06
"MER101B",25.785696225812,-0.960760294129604,0.292347911164826,0.000411951624679882,0.000900260415490361
"MER102a",599.636675084544,0.60486710746318,0.0843329148819432,5.05355707231728e-13,3.19612384375033e-12
"MER102b",785.134878109924,0.207556610296071,0.0791609736752999,0.00828263327663716,0.0151241200366893
"MER102c",560.562323819505,-0.193990153703744,0.0668541775416554,0.0035806579806187,0.00690813812422396
"MER103C",1244.64913596952,0.299378880245812,0.0649598608311611,3.67416612350269e-06,1.13188020901454e-05
"MER104",291.004352943713,0.561097540639891,0.0843869704847168,2.02872924784393e-11,1.13300376122278e-10
"MER105",120.958213238404,0.47023333323152,0.130095467218432,0.000233934611136016,0.00052940178586468
"MER106A",89.0839894539288,-0.809261430612842,0.119396272990858,7.00869565954456e-12,4.05654809385761e-11
"MER106B",131.335109465072,0.360520175497033,0.0923618088995474,8.17287377088348e-05,0.000202729726005032
"MER107",62.4641528111156,-0.383997230408069,0.14016868499428,0.00513538914189745,0.00973074728276203
"MER110-int",86.7987653954122,0.238696853772612,0.137433308438763,0.0770996273859226,0.115952982918986
"MER110",103.607870277023,-0.106237084134922,0.11879233400062,0.363458335665574,0.444030730368991
"MER110A",70.1461370887808,0.298687154026171,0.179254179190995,0.0852506197463916,0.126616394802184
"MER112",758.640005784674,0.556590278416135,0.0870908259591795,1.14201807428891e-10,5.89528249159949e-10
"MER113",613.943380094311,0.0865495564837445,0.0613346569616652,0.157082102799932,0.218042744438859
"MER113A",240.524278435741,0.712478558102904,0.0685413584321394,1.52860626541928e-25,2.47426946351765e-24
"MER115",334.712513673377,-0.0128522730354289,0.0873526928555255,0.880850641034095,0.909418769932498
"MER117",516.388816923719,0.296044302912437,0.0806606577041342,0.000221851812679536,0.000506862394997505
"MER119",208.807342006067,0.423397962163472,0.188102212388442,0.0195968080070632,0.0332414771700627
"MER11A",497.778616765828,1.25546879182685,0.123670528209116,7.91179734935084e-25,1.19932801089366e-23
"MER11B",344.181626467426,-0.0109838332009089,0.182200034562016,0.949127194094767,0.960186938941211
"MER11C",615.892085074349,1.01895312071557,0.134164911807854,1.10832350721738e-14,8.14191499532766e-14
"MER11D",129.524053411834,0.991424275623564,0.206520392780181,5.67327446073012e-07,1.90104459999904e-06
"MER121",79.5529437418182,-0.569560693052733,0.10748721438778,9.04565240036741e-08,3.27219622816321e-07
"MER123",6.39434862376526,0.179060830068075,0.303323468169085,0.516192845128572,0.593218010947998
"MER124",69.2257026037193,-0.0458180805479241,0.152818336357014,0.757668060356425,0.810272113819021
"MER125",8.99952793002389,0.892310264193847,0.344264852524938,0.00375141094018456,0.00720844556916751
"MER126",34.7138266948052,0.813084831075461,0.230423157774476,0.000186180346671841,0.000430513876686703
"MER127",23.0635303210214,0.255547950290121,0.168542531912412,0.119587007912807,0.171996374332426
"MER129",85.7093404729739,3.66482805681928,0.394659452996085,9.54363527570251e-22,1.18365866081765e-20
"MER130",13.0671926893398,0.685401766040134,0.266039878646208,0.00578004684140635,0.0108022401830588
"MER131",77.2166112548571,1.7926624012913,0.128102935391331,3.16004923790402e-45,9.43077194436982e-44
"MER132",1.50850846211973,-0.279358168380053,0.527873030248359,0.464136379678163,0.540549076332495
"MER133A",3.75964632117332,0.0779842627580293,0.387891518789848,0.812146568036845,0.850295963118648
"MER133B",3.17183428782559,-0.778378880619432,0.540420207245649,0.058618412397747,0.0898564748633201
"MER134",6.1670843739663,1.85887005055663,0.446478242658583,4.24572160553898e-06,1.30375052517355e-05
"MER135",67.5653063023649,0.155308144697379,0.135383405949867,0.243440728576201,0.313323309690394
"MER136",3.21996111586999,1.69805695626583,0.596329417725969,0.000540229811788234,0.00116198078886884
"MER1A",892.529307764047,0.49329297603188,0.0853258236743497,5.26417851768598e-09,2.22446481610182e-08
"MER1B",1225.26076057725,0.450684543657958,0.0794818385826948,1.12988514304794e-08,4.57220471021517e-08
"MER20",2769.65297197125,0.492425827640083,0.0545226040127619,9.90067544841203e-20,9.95278426656156e-19
"MER20B",783.669829821913,0.7914508336428,0.0534193343094176,5.69457493702989e-50,1.94225680887984e-48
"MER21-int",185.683469717414,-0.771585903565666,0.125661073634259,4.73666423297073e-10,2.23936353588468e-09
"MER21A",511.414360785874,0.264623640121164,0.0729908152922908,0.000266537929911747,0.000598926407213454
"MER21B",742.476043142613,0.346589535484037,0.0610692222947321,1.23865293916882e-08,4.97022502901773e-08
"MER21C",1292.56283677274,0.208414000855244,0.0442967829149848,2.44711353644188e-06,7.68747837928289e-06
"MER2",1815.98454757736,0.06348435754321,0.0461587100410415,0.168410339360667,0.229759820127768
"MER2B",217.598254202219,0.0405162109277965,0.0861441267895303,0.635897654021781,0.701249722391225
"MER30",1446.55038317874,-0.204129037602994,0.175770359788682,0.23033133681604,0.298767093917556
"MER30B",88.380154175209,0.112626788446424,0.211134636000332,0.578764503944519,0.649858448480842
"MER31-int",347.01291097546,-0.196273994839464,0.0950397290185501,0.036823278796495,0.0588064067736668
"MER31A",322.716792044352,0.259090091958648,0.119473833211776,0.0278069137042525,0.0456281831401395
"MER31B",259.150186174061,-0.0767551443751699,0.0834086759616385,0.354871915236183,0.438993107578439
"MER33",1345.68243681052,0.467760524147234,0.0717688152953371,5.79952599018173e-11,3.11154343855256e-10
"MER34-int",102.744410729035,0.0725820153524836,0.133144873966261,0.579088523201253,0.649858448480842
"MER34",161.997988363126,-0.283365263588265,0.0766468632898763,0.000200067079450708,0.000460395327410665
"MER34A1",152.210595703733,0.0622966983409075,0.115279672505845,0.5846879944146,0.653837277126397
"MER34A",218.493717511396,-0.220734425399857,0.0717682137314217,0.00200382898300951,0.003986784747446
"MER34B-int",184.172328839823,0.518816078993318,0.109620748153072,1.53551546032772e-06,4.93743186738375e-06
"MER34B",106.014263118385,-0.332183750766126,0.118301525410952,0.00442632117087924,0.00843739863910114
"MER34C2",72.241371351087,-0.349820358418623,0.154705742773641,0.0207349810304889,0.0350476228037468
"MER34C",17.67547186411,-0.917103024378355,0.223789506150255,1.65890926957888e-05,4.7215246689851e-05
"MER34C_",113.112245806748,-0.316979471069672,0.14132938743292,0.0217293191731691,0.0364701226895896
"MER34D",37.0950242032402,-0.503604304916261,0.167584683939001,0.00200294547146884,0.003986784747446
"MER39",467.529768294859,-0.331019430918376,0.048449262907324,7.90826260348675e-12,4.52238969241308e-11
"MER39B",436.273615228401,0.709153944230405,0.106735764600343,1.65303813041908e-11,9.28618479147191e-11
"MER3",1486.76275910421,0.584251013421256,0.0633642748032107,1.96805112574485e-20,2.13578275577993e-19
"MER4-int",993.377266631131,0.160993898347852,0.173747397750842,0.341100595508072,0.424708042646947
"MER41-int",474.240484664934,0.365491817587151,0.17744695608739,0.0334324001848204,0.0539323347576073
"MER41A",545.527614645041,0.226828856574818,0.0580576521071807,8.78584126745793e-05,0.000216249443567586
"MER41B",521.172853975254,-0.0460469488087363,0.0818662281822327,0.570735132427385,0.644269564383159
"MER41C",150.209329084385,0.32922461131169,0.102116811018903,0.0011029083462572,0.00228973363190354
"MER41D",83.6157935799881,0.101220531204993,0.147316869680706,0.483108325336248,0.55991316832053
"MER41E",91.2103603484865,0.00190733979535564,0.139523481465246,0.989584510696735,0.991661288263779
"MER41G",48.8917277860958,0.111780345907402,0.142686836177318,0.424228759432577,0.507692312353523
"MER44A",422.864100915303,0.400515631388491,0.0995555122788769,4.77951282287576e-05,0.00012269985875931
"MER44B",429.675952460936,0.48062270004156,0.102703550552594,2.17323911232009e-06,6.89516063875642e-06
"MER44C",326.84989465678,0.59075823462202,0.101067990511286,3.49603383609112e-09,1.50392446552568e-08
"MER44D",113.81808348366,0.190826189745769,0.160202056883021,0.221916597952929,0.290713787441766
"MER45A",430.141511426482,0.169001109343556,0.069614121819522,0.0146847655424768,0.0254057085019299
"MER45B",210.081051578175,0.344432209184334,0.12712632206011,0.00583486325926755,0.0108833875246104
"MER45C",135.866987854285,-0.282629444817862,0.0892876168406508,0.00145733035173946,0.00295733632056626
"MER45R",100.091657220759,0.744707855662129,0.204770363448402,0.000143528851622274,0.000340124201735165
"MER46C",621.735801460267,1.16089761893778,0.0846472890195753,2.08429102110282e-43,6.03181189440362e-42
"MER47A",463.560886099703,0.31887905675295,0.0892874131153623,0.000314742237714439,0.000700649969737271
"MER47B",135.436262332233,-0.119188392382957,0.107380754185486,0.261027151983694,0.333263275594155
"MER47C",59.2935116945653,0.192326158692271,0.14284768154146,0.168687367143616,0.229809465937451
"MER48",25.1509834489997,-0.806652276367977,0.197270552292067,2.21183191176648e-05,6.14040545272381e-05
"MER49",418.590409652817,0.437718653442604,0.0756301984296874,5.60777273273918e-09,2.35921716289247e-08
"MER4A1",515.232419124384,0.393035852387531,0.101886808784427,9.72381892711237e-05,0.000236894058045722
"MER4A1_",104.364391157531,-0.441255255349899,0.11746712353927,0.00014573281173075,0.000344492166343728
"MER4A",288.978764331326,-0.130568998335455,0.08740869749206,0.132146805682722,0.187240651968842
"MER4B-int",255.845391008709,-0.750578274728477,0.172665337672287,7.57243168997878e-06,2.28850388099042e-05
"MER4B",370.820956512933,0.132633204263052,0.0883717230623879,0.130904603130008,0.186032583317199
"MER4C",231.829725479334,-0.575932294730945,0.189791860531576,0.00161626941911308,0.00324955220053262
"MER4D0",96.3876779769017,0.50652192011518,0.117643190347233,1.20566210018504e-05,3.51038812706316e-05
"MER4D1",405.57895075091,0.531167614012522,0.0706619081231978,3.933214932887e-14,2.78238537844969e-13
"MER4D",267.168970837504,-0.193926389697383,0.0935463174644782,0.0366003218750982,0.0587413526580949
"MER4E1",249.223769033252,0.0290280034516519,0.0922788100422346,0.752112557572763,0.80613635519864
"MER4E",192.189021248383,0.0812065874545488,0.0894752231669148,0.360542144056687,0.442485168412383
"MER50-int",93.3285703120903,-0.719615748257914,0.121855494337376,2.27070819279594e-09,9.99320886691303e-09
"MER50",595.871737460892,-0.138921769396532,0.0558923696979246,0.0126039376912155,0.0221671463998357
"MER50B",153.589805054772,-0.385623636992902,0.108466427212135,0.000329963511881124,0.000731125646975577
"MER50C",14.7722131701008,-0.673296633859349,0.243616051117233,0.00355876138050564,0.00687979173761718
"MER51-int",156.994738353237,-0.656383755999034,0.190473515651783,0.000347395283114889,0.000764429712844975
"MER51A",269.545985630813,-0.17892074352596,0.0948012038329779,0.0568170006621086,0.0872351055181892
"MER51B",103.907627762087,0.062335843457371,0.0958655605125569,0.511505413753068,0.589249300523739
"MER51C",65.0042078408803,-0.208995273297045,0.137197524425189,0.119809157983981,0.172056760713837
"MER51D",37.2337295280813,-0.57401059426185,0.176899757155872,0.000846626320531247,0.00180475030381103
"MER51E",64.9440365208127,0.442035522613893,0.136366894149242,0.000927647929619227,0.00195996409908487
"MER52-int",97.3918051928317,-1.00916975551147,0.242587487557874,1.19001315500292e-05,3.47542068204217e-05
"MER52A",535.94087233769,-0.0125726895580307,0.123053025618294,0.916548178286917,0.934155293771618
"MER52C",124.088035458094,0.120596157224178,0.157072847835252,0.431914862815194,0.512973039863593
"MER52D",182.835652535075,0.22318985808048,0.169415595559332,0.174956561376894,0.236327462680246
"MER53",508.211011916028,0.386946920390913,0.0929796143771977,2.65824695989184e-05,7.21829004558022e-05
"MER54A",170.047897301869,0.250700466574156,0.146442057199359,0.0798534070472591,0.119529786410866
"MER54B",70.6543589033973,0.173925595942731,0.130743997757634,0.176379675984131,0.237913263509669
"MER57-int",290.190853126199,-0.101405135030204,0.0769352069403813,0.185497710615392,0.248457662885974
"MER57A-int",379.996134006137,0.17930549965005,0.136046066703622,0.179532912779337,0.24148441085108
"MER57A1",219.379100187007,-0.0182511124558847,0.156040180531673,0.903702780727241,0.926004458792398
"MER57B1",161.544059412062,-0.187202780757683,0.128296722917581,0.13816254408371,0.194609483185757
"MER57B2",176.708603645013,-0.0513382470768463,0.0916043253498744,0.572026287606167,0.64496470444379
"MER57C1",47.7404131523484,0.282028339979308,0.149979602372576,0.0537237834351253,0.0830197624280658
"MER57C2",53.9970172825293,-0.387318766327439,0.141276472635081,0.00525706536013903,0.00992937626024936
"MER57D",94.6019390905747,-0.282329527930797,0.147205606087752,0.0503087741512587,0.0790211830829803
"MER57E1",113.101912655691,-0.334218354547254,0.21043717918611,0.0951328571068965,0.139987486189655
"MER57E2",8.45638214789779,-0.0271345849457272,0.261429457109197,0.911450391545278,0.932942255011511
"MER57E3",54.8825569538654,0.111314682182721,0.1950646416207,0.555224669548847,0.630486990985909
"MER57F",89.8453136412417,-0.94641631768922,0.167222786767867,6.11298558653264e-09,2.5272299719215e-08
"MER58A",2413.63503201368,0.766962668272656,0.0774763635873874,2.1333321797918e-23,2.89769453353908e-22
"MER58B",1510.98601369139,0.792956562747104,0.0810926826972193,7.12755102191313e-23,9.19839354855005e-22
"MER58C",452.644140010829,0.104716724599459,0.0899802975089214,0.241461916338957,0.311616392032033
"MER58D",154.086618700635,0.651541673786119,0.129023118834998,2.58408686329177e-07,8.75107430653773e-07
"MER5A1",2052.24302669834,0.238810635007576,0.0457224515579993,1.64928381705085e-07,5.72751289194023e-07
"MER5A",4872.34551476582,0.437895693247565,0.0460641535077728,1.58043100252487e-21,1.91052102203956e-20
"MER5B",3634.54987546898,0.380902709196096,0.0454155817697566,4.27560440652291e-17,3.52000190364602e-16
"MER5C1",94.7168661784808,0.461313002437284,0.104014418137189,7.22118858828286e-06,2.18928098470163e-05
"MER5C",225.114392816071,0.207712193007212,0.0643703012725776,0.0011903131830992,0.00245518161956747
"MER61-int",847.246045364912,0.704771690520242,0.186918753020978,9.29831405251367e-05,0.000227689485132065
"MER61A",135.777305683762,-0.0485062047261279,0.129260780520343,0.702236691445046,0.764693318506293
"MER61B",146.705691986086,-1.08327276730898,0.227814905125179,6.64433593074279e-07,2.19561965877487e-06
"MER61C",171.661014974899,0.415442246998737,0.385233223786122,0.206615428905007,0.27216239255763
"MER61D",56.657118482717,-0.0442269541869605,0.148159449823937,0.759532295425451,0.811357205963429
"MER61E",73.7527832091308,0.565338316202171,0.18035059851741,0.00116859978063903,0.00241561210067159
"MER61F",50.5298080291678,0.496543076474143,0.212663599094946,0.014480080341898,0.0251426849572957
"MER63A",458.759161274276,0.245423913826723,0.0620982611529564,7.13133462811644e-05,0.000177817873886454
"MER63B",338.869983255446,0.00667369506879671,0.0749796223140604,0.928093620390227,0.943907782186013
"MER63C",186.582092817669,0.522220841619909,0.130465566144171,4.50084301756633e-05,0.000116485232568451
"MER63D",175.889211237051,0.28480510844545,0.0679900130996384,2.61028044045917e-05,7.12233663039574e-05
"MER65-int",223.240753398541,-0.361591553439669,0.0930562150130534,9.00726823270332e-05,0.000221129592859426
"MER65A",353.487137655382,-0.706385349993591,0.123294545948921,6.03558110209818e-09,2.50607824021903e-08
"MER65B",30.9620583148053,-0.378651643102393,0.178495187241127,0.0286188412201048,0.0467196467781199
"MER65C",104.267379983725,0.219679744073925,0.123718687753582,0.0715199574638653,0.108668602530465
"MER65D",119.259163786302,0.9688250497304,0.14839801973675,2.36913606648851e-11,1.31542147877705e-10
"MER66-int",193.517441924176,-0.211065879104004,0.0976605126507405,0.029160495489445,0.0475226504990102
"MER66A",52.4582247856845,0.0804439679001317,0.127550687406626,0.522572778856141,0.59982812957646
"MER66B",248.924232653603,0.0646150193895019,0.13397532673049,0.624421129289556,0.690987460569555
"MER66C",94.0665158221041,-0.255741334457034,0.133625272409503,0.0519092505039184,0.0810021801164087
"MER66D",30.7464983723211,-0.552019481064844,0.177997467598996,0.0014585396931798,0.00295733632056626
"MER67A",91.4313779143714,-0.0575599781354063,0.141073690469332,0.676403069456407,0.739936920195726
"MER67B",165.223880157075,1.01578352115673,0.157146480458283,3.40671123772215e-11,1.86977542070382e-10
"MER67C",425.595783415331,1.02779431508917,0.285322785577016,0.000108683744351913,0.000262767027483738
"MER67D",211.689182594514,0.264000135254472,0.26898107166091,0.661261650686852,0.725867674029821
"MER68-int",203.336191119656,-1.22157605742578,0.179313825053189,2.3619425291412e-12,1.41865101593072e-11
"MER68",668.291598406442,0.588043780866913,0.140132708833661,1.81903185113633e-05,5.12968215902908e-05
"MER68B",172.299204217603,0.00118731368111326,0.0957344907459593,0.990624077424548,0.991662467442813
"MER6",198.42788410831,0.0444830587541205,0.122540731115065,0.713405912244131,0.771577175756676
"MER6A",260.835525060318,0.0988517079952076,0.0742763634264257,0.181167839185056,0.243004775623423
"MER6B",68.4094905141943,0.0799685862154223,0.136795800810935,0.553227638504016,0.628967136632542
"MER6C",13.2218764761845,0.699707349507687,0.231434126557748,0.0013604316243085,0.00278203897476363
"MER70-int",47.2851659165754,-0.282196792558259,0.160295051791343,0.0715733518237306,0.108668602530465
"MER70A",78.3416234697604,-0.294627597400929,0.149124489102336,0.0433401495815446,0.0686398720570067
"MER70B",68.8344549038924,0.828309584729521,0.155250216928667,4.80753486705162e-08,1.80755740080091e-07
"MER70C",44.5385735795338,-0.247669025479017,0.157557039391594,0.107286167630413,0.155948691152275
"MER72",160.710493577621,-0.416183182796603,0.0993687283623086,2.31384488827808e-05,6.40499092262483e-05
"MER72B",28.1092726800609,-0.69195714552445,0.199254748256494,0.000299745908502219,0.000668825566868269
"MER73",43.3633148804202,-0.484950424842112,0.196680318537981,0.010493769956363,0.0186969222170273
"MER74A",344.92822948343,-0.0950718034459425,0.0708313960495434,0.177059744867747,0.238493732508742
"MER74B",587.740680217311,2.35182599095105,0.231216980775384,2.65061289015711e-25,4.08279888725813e-24
"MER74C",28.7403517966894,-0.450773160771205,0.190324119058889,0.0145944703259063,0.0252953160821063
"MER75",86.7646151350206,0.141234119822314,0.11813500963471,0.226342246334996,0.29529623668022
"MER75A",9.85195222599015,0.232153691285883,0.272634440976768,0.356662254942202,0.440637067878141
"MER75B",12.1708261772271,0.450743533064387,0.347085923497218,0.137469285789565,0.193919007280701
"MER76-int",15.3836622738556,-1.17679352237295,0.331411751702465,0.000124704733695063,0.000299228695172827
"MER76",92.1913310827406,-0.301214080941426,0.108916440657747,0.00526100983003788,0.00992937626024936
"MER77",375.883176029615,0.299995031549416,0.0798586688345618,0.000153006133593927,0.000358139356819118
"MER77B",269.772601055273,0.260649447723578,0.107289279588783,0.0140351108844399,0.0244144460740258
"MER81",277.960245603872,-0.0528422923849635,0.0693054322792302,0.443942286033786,0.523413436002797
"MER83",117.075780360645,0.200928405323905,0.120367345462925,0.0901945299916635,0.133543838979905
"MER83A-int",19.1077454745443,0.0778720959263933,0.207957417708348,0.697763608162216,0.760689778304699
"MER83B-int",26.7854704464677,-0.507206845323739,0.22451942199045,0.0179216033129037,0.0305082551939805
"MER83B",68.8148931583736,1.02161497425193,0.185974823803525,1.38235683653541e-08,5.45516850781537e-08
"MER83C",27.0233672223887,-0.0591241136955584,0.250523766832742,0.800471511413469,0.842833840573168
"MER84-int",21.5569042012063,-0.374698546621375,0.331094949770067,0.204193137790792,0.269343158273766
"MER84",86.0769852187168,1.18941277424895,0.132704153890151,8.07029889433034e-20,8.28724241299513e-19
"MER85",98.8307224788073,0.494849719930425,0.114250281149263,1.10138819322855e-05,3.24637569300389e-05
"MER87",24.8699186321224,-0.599108029515609,0.207680833160975,0.0026643062362527,0.00522466623330869
"MER87B",44.5266748961145,-0.739954270386931,0.214021783680949,0.000299733809362222,0.000668825566868269
"MER88",34.111743135081,1.72499912929105,0.311199526947517,4.33918509564392e-09,1.8499650742589e-08
"MER89-int",94.983623435682,-0.381080189249225,0.132988846343213,0.00367084596387025,0.00706785866027438
"MER89",224.546016701022,-0.396049759654117,0.095535527944771,2.76052282510722e-05,7.44717315812825e-05
"MER8",374.876406833228,0.866775867975126,0.0783793980070932,7.82563826679599e-29,1.49469690895803e-27
"MER90",185.368532223588,0.611092258514431,0.0979000085984277,2.94452269642753e-10,1.44206111542989e-09
"MER90a",267.358179548165,0.0415351215427225,0.0835914988056183,0.616933977155252,0.684833137074267
"MER91A",512.973238980497,0.240903294791284,0.0807538859003966,0.00265501804631879,0.00521716509101737
"MER91B",202.90194752157,0.397716409753706,0.100217290567602,5.93343429877451e-05,0.000151104793475458
"MER91C",168.33302169433,0.661298248636695,0.163611219175153,3.17521391551476e-05,8.49391957791765e-05
"MER92A",16.2803306575438,-0.472672431425888,0.211503160041903,0.0200080050811222,0.0338788029299143
"MER92B",179.319086360106,0.183573067554971,0.0884252894932901,0.0367210340700342,0.0587413526580949
"MER92C",21.3715629165647,-0.850954175861764,0.199375133808868,1.02787358195788e-05,3.04850705208003e-05
"MER94",494.054335858793,0.354414856357843,0.0686279123478408,2.04661062500105e-07,7.05600414034657e-07
"MER94B",83.9680147959396,0.906207158490007,0.175154540321013,8.79782319769218e-08,3.19464682653842e-07
"MER95",27.6678665034121,-0.170171305466774,0.193229678330832,0.359499755643052,0.442157178272376
"MER96",114.931828365387,0.0163323618639604,0.111348225208443,0.882382116343837,0.910016113507953
"MER96B",245.792254998286,0.11612961998942,0.0951338758716162,0.217996880663012,0.28597118273788
"MER97a",29.0820912456394,-0.320700311968558,0.202079681118405,0.0988237952975242,0.144749577467999
"MER97b",16.6513677198361,-0.805395592244496,0.215759829836781,0.000107151476299429,0.000259719948898363
"MER97c",25.6563556994597,-0.836584080072196,0.200436038607435,1.43915968380596e-05,4.13975150010449e-05
"MER97d",19.9842929843041,-0.126941638459329,0.237393022273742,0.568002218475563,0.641943335673565
"MER99",58.9262626680835,1.13888399652789,0.113100541272735,2.09971715473711e-24,3.08496905042144e-23
"MER9B",6.28394342278908,-1.40006693606647,0.512108449839153,0.00128880336895817,0.00264689724162377
"MER9a1",100.599046355911,0.542237164186998,0.139355788768437,6.89574900089229e-05,0.00017284620199087
"MER9a2",105.809427253736,0.696977569279557,0.159277720748518,6.69838930660562e-06,2.03724897700903e-05
"MER9a3",161.396316856274,0.518394415816987,0.141558105722406,0.000181589681722457,0.000421302733570868
"MERX",136.855456577849,2.04661719357314,0.292489740337763,2.82353228988464e-13,1.85963678402747e-12
"MIR3",12619.9125818198,0.62035425068816,0.0666496396996672,9.27446044551717e-21,1.01805858913436e-19
"MIR",23888.6769135669,0.459746492638832,0.0488444638875326,4.20604353353709e-21,4.83948382473243e-20
"MIRb",31430.086878193,0.50269553770729,0.057919872470711,2.03379545368405e-18,1.78190335620942e-17
"MIRc",14769.8682434653,0.625369350877525,0.0753205148436183,5.01661452350665e-17,4.09475800850329e-16
"MLT-int",39.5598864882476,-0.772980201429366,0.145614102329539,6.48177659780085e-08,2.38999870691112e-07
"MLT1-int",37.6120536818448,0.631193092555914,0.176740044752963,0.00022813339673813,0.000517499747945164
"MLT1A-int",88.1549529484851,-0.167577009989413,0.0952753355594796,0.0764801236449368,0.115202709906805
"MLT1A0-int",174.765566063,-0.174448751606194,0.0973040827673086,0.0702252649587251,0.106961926691519
"MLT1A0",3446.02348332009,0.269315830562376,0.0249689223566411,3.58735148618982e-27,6.58830897944476e-26
"MLT1A1-int",122.318352712427,-0.0905287500139719,0.126612890428723,0.466543439129948,0.542690602154812
"MLT1A1",1100.50848864326,0.126287857276282,0.0438206055751328,0.00387540541323674,0.00743175134466081
"MLT1A",1498.7539002333,0.295135142544821,0.0466340927480937,2.14866519655836e-10,1.07998698037539e-09
"MLT1B-int",133.063519209945,0.0603265454818115,0.237230573795858,0.789123376343196,0.834565697018551
"MLT1B",3136.35083748755,0.0126199837330955,0.0321299130463209,0.722922626199787,0.780985416313118
"MLT1C-int",44.8513865051993,-2.9996823792667,0.200431637092804,5.21665098216777e-51,1.8451487733223e-49
"MLT1C",2610.17017916783,-1.31385995184907,0.0613051521735222,1.23299695772333e-102,1.30834677180642e-100
"MLT1D-int",142.540515177188,-0.136402719306989,0.101016735146079,0.172591449684937,0.234126185297038
"MLT1D",3721.31985317083,-0.18623090670527,0.0307950362546933,1.40381432691317e-09,6.32378623680224e-09
"MLT1E-int",0.648825016058244,-3.26046755510287,2.31381397980579,0.0157593948922427,0.0270687448239061
"MLT1E1-int",1.31102216658193,-0.614546232448584,0.746662034469722,0.168056664437304,0.229605314073855
"MLT1E1",188.829967620843,0.176917157356447,0.174297747918184,0.296522007025895,0.375070883059244
"MLT1E1A-int",14.3608051603052,0.406139195827143,0.222996305345755,0.055489156591574,0.0854712008789568
"MLT1E1A",580.97394367911,-0.0345079295843956,0.0517519120987924,0.502308875228915,0.57935383555992
"MLT1E2-int",39.9733762202126,-0.787242306234535,0.216653439255837,0.000146931159800339,0.000345613934998335
"MLT1E2",780.380755010745,0.00741199300258982,0.0862454472534264,0.931742298449715,0.946610526616466
"MLT1E3-int",27.710513827275,1.42348533154329,0.205456567838857,7.6062468105801e-13,4.6864294865187e-12
"MLT1E3",341.534938244119,0.469028961546002,0.0730822211694192,1.02905550662867e-10,5.37020769852667e-10
"MLT1E",127.672209447287,-0.1943506089146,0.101320944600688,0.0531260427112605,0.0826150692358778
"MLT1F-int",137.660807174944,0.262510938481511,0.0945358984704146,0.00499841880438767,0.00949003967831058
"MLT1F1-int",37.5787533209613,0.215646899369419,0.172762914895819,0.199686794819366,0.263763332022814
"MLT1F1",588.926120455093,0.416220542759265,0.0660862676298845,2.43662702624451e-10,1.21196813024141e-09
"MLT1F2-int",95.7812593452659,-0.779428647182453,0.141918536446067,2.0446628125721e-08,7.93761376425349e-08
"MLT1F2",1198.13544924923,0.406411606554172,0.0547910890680186,9.66622756848224e-14,6.59374809135753e-13
"MLT1F",916.293899842437,0.0605854631434718,0.0680577268204016,0.371204234511298,0.451707232445631
"MLT1G-int",47.7197900524548,0.568856832707382,0.142612420269873,4.61505856447043e-05,0.000119118403488358
"MLT1G1-int",43.0851594495083,-0.313477538271179,0.222101933584108,0.139828322326955,0.196665755261034
"MLT1G1",632.229748480392,0.252887845021622,0.0664310921459833,0.000129626549814114,0.000308711608659547
"MLT1G3-int",50.1958264882141,-0.606846007566191,0.188425726620906,0.000820950652612589,0.00175393260233786
"MLT1G3",473.936193468002,-0.0202968120598922,0.0873432298164865,0.813791110251774,0.850295963118648
"MLT1G",493.936187386672,0.176719882970175,0.0922018877827908,0.0532023744293873,0.0826150692358778
"MLT1H-int",136.767263157189,0.235157624831487,0.115858472323886,0.0403087759047209,0.0639449850315755
"MLT1H1-int",349.831357839644,2.30398851762316,0.413747004209803,2.54267797461882e-09,1.10375339352771e-08
"MLT1H1",681.614514333518,0.341789445906799,0.0610931782284783,1.91316014065198e-08,7.47629984777736e-08
"MLT1H2-int",54.9656776389177,-0.620878047929639,0.152562260085358,3.25636174576562e-05,8.63840407557269e-05
"MLT1H2",633.025008237959,0.332459031504097,0.0752565121432046,8.78459975418078e-06,2.61808981329654e-05
"MLT1H",1604.07135307816,0.361010442856165,0.051973827030308,3.20302195395314e-12,1.88820121359583e-11
"MLT1I-int",103.407345350426,-0.41443709852519,0.0995757470197052,2.66594799615761e-05,7.21829004558022e-05
"MLT1I",1325.01599399356,0.274969500722275,0.0546547531711331,4.43419406754472e-07,1.49107582200888e-06
"MLT1J-int",231.337830739529,0.108011707101121,0.105231495217708,0.299675723381748,0.378058541386485
"MLT1J1-int",125.460410128759,0.0654942847537835,0.257340696620739,0.787824968148989,0.834116235678808
"MLT1J1",547.320267720898,0.194659331799575,0.0773354370242115,0.0112795982407799,0.0199481783702681
"MLT1J2-int",91.67318979421,-0.586500214487955,0.140346640841617,2.16657153895627e-05,6.03229101954296e-05
"MLT1J2",772.465757242975,-0.0998210477327955,0.0518273943568689,0.0533483092722892,0.0827072002516821
"MLT1J",2673.87936475725,0.223761657806082,0.0463670565581798,1.30786977775202e-06,4.21964742484184e-06
"MLT1K-int",14.082744097646,-0.686537915132119,0.287395190070592,0.00961138042079918,0.017286004334959
"MLT1K",2707.27124160966,0.0436484330626322,0.0386894184033603,0.260772684455528,0.333263275594155
"MLT1L-int",10.9614892074298,-0.238658766799049,0.245667422570284,0.300307983774604,0.378356364781988
"MLT1L",1761.90862296511,0.152603559277764,0.0533427735174347,0.00412849984258202,0.00788543469933167
"MLT1M",377.346956687124,0.314591303385531,0.0775550819556979,4.38073081086407e-05,0.000113994493852185
"MLT1N2-int",7.43979478488977,-0.593781552055042,0.295928194274132,0.0294129454548746,0.0478524070006903
"MLT1N2",673.979417192274,-0.304263489254821,0.0508543663694562,1.94800608563615e-09,8.65277121759314e-09
"MLT2A1",372.375461328758,-0.0203861992127304,0.0852814084956041,0.809376432161386,0.848468158851947
"MLT2A2",563.89702477674,0.0730585454964648,0.0603237659099715,0.224804196049887,0.29369084436066
"MLT2B1",459.728895419717,0.158234047826587,0.0514421902434475,0.00205588043914284,0.00408184162033557
"MLT2B2",336.763365977138,0.678500508026891,0.128799789034023,7.9956225780847e-08,2.9144349473553e-07
"MLT2B3",666.765493601702,-0.0311930794362904,0.0721823486914332,0.665887392455244,0.730067390055952
"MLT2B4",597.929076652836,0.159262229757169,0.0621289987858457,0.0100529816462173,0.0179814034968749
"MLT2B5",39.0322284559614,0.164367220470222,0.176650789107218,0.336880019607449,0.420000546638529
"MLT2C1",319.707700406748,0.386640200223405,0.104691228577493,0.00018671050342259,0.000430696934223608
"MLT2C2",144.740661540185,-0.370264054785181,0.0851653948497318,1.17069528729742e-05,3.42949079561055e-05
"MLT2D",556.929933119181,-0.219674034538745,0.0565072555827308,9.61080262139411e-05,0.000234739552517426
"MLT2E",58.1023659550844,-0.861423811511146,0.191915123073253,3.3631525410514e-06,1.04279567425457e-05
"MLT2F",284.698746956696,0.260586549088031,0.101338430565896,0.00925245888724786,0.0167033993144078
"MSR1",104.810048982172,1.02842940438339,0.230411137870378,2.65022482393954e-06,8.29824494053199e-06
"MST-int",277.921758878493,-3.37306180929264,0.184681260374971,7.89587322729961e-76,5.38611352290795e-74
"MSTA-int",1213.67062801137,0.51793572021155,0.136872861853991,0.000113447236875992,0.000272902043366682
"MSTA",3902.05073731682,0.245834868374109,0.070694779106263,0.000462330195099905,0.00100346667345547
"MSTB-int",265.067156909384,0.391030175804952,0.132967779006494,0.00273143989309353,0.00533440715317857
"MSTB1-int",55.5200685866774,-0.686496562746471,0.135424332921433,2.3761876936564e-07,8.13354568975578e-07
"MSTB1",863.707622194241,-0.273441978326773,0.0513671550111558,9.60753295063429e-08,3.46233734636066e-07
"MSTB2-int",20.011439152174,-0.544494773400388,0.259326093074773,0.0251354303929784,0.0416741944883582
"MSTB2",275.564841470338,0.00737893205847063,0.0672053900557659,0.912686574482325,0.93301479316576
"MSTB",1588.8098440849,0.0843938041905107,0.0617428985115187,0.17177092505291,0.233344571017822
"MSTC-int",77.1358065694144,-0.033935533279049,0.13369831770443,0.795732538301553,0.840624528847326
"MSTC",652.122365391078,0.121662391057831,0.0733986758165813,0.0960611903654751,0.14113605661389
"MSTD-int",188.948706076863,-0.121685964407968,0.0853960732935065,0.151175238719695,0.210455325039808
"MSTD",1156.82345537525,0.0638134703166322,0.0586461484534374,0.275143852483503,0.34988332772536
"MamGyp-int",289.816638256637,2.7001041826129,0.432725356664539,3.54499664681281e-11,1.93455531297499e-10
"MamGypLTR1a",144.910539536951,-0.25997710949366,0.0952575021305643,0.0058667236063686,0.010900235494323
"MamGypLTR1b",141.168553577733,-0.139352654277319,0.142254040771766,0.317785856631871,0.398274925306348
"MamGypLTR1c",107.169415469425,-0.0741542372173763,0.124511996507463,0.545950582719195,0.622175186750395
"MamGypLTR1d",90.9357116940166,0.169356245698119,0.0875515630069048,0.0509137966445627,0.0798401901404883
"MamGypLTR2b",78.0455920633122,0.451114066238359,0.181801329303339,0.0100895691811245,0.0180103524635026
"MamGypLTR2c",94.326612970105,-0.0836716414661568,0.11531748562263,0.463164718615252,0.540076076040984
"MamGypLTR3",98.4700154472454,-0.567949839171178,0.121967000483274,2.28405741948261e-06,7.22276435631091e-06
"MamRep137",447.107970752275,0.551707142949241,0.0940682732286137,3.209580425907e-09,1.38694538766569e-08
"MamRep1527",107.801155213772,0.00819531449675455,0.140348821518625,0.953623507587688,0.963714761636235
"MamRep1879",162.801979918641,0.0635054703302618,0.0834637065745965,0.442784366506612,0.522693535245753
"MamRep1894",49.6345002499908,-0.130926818569292,0.150208692776018,0.371298615151644,0.451707232445631
"MamRep38",328.701377072803,0.103048156093043,0.0821830281179945,0.207088392247578,0.272409661978563
"MamRep4096",123.430140631823,0.262254911502718,0.122473111681266,0.0298497958020275,0.0484805356988712
"MamRep434",282.907063635753,0.446873251036753,0.105253395298679,1.73187607378131e-05,4.907838725404e-05
"MamRep488",71.9865253211991,0.769435953464875,0.143114804907912,3.76616523919097e-08,1.42161573257999e-07
"MamRep564",115.166932115311,-0.235185382499516,0.197704647718402,0.215769994820212,0.283439264172356
"MamRep605",566.255334472368,0.066620895130095,0.0838334021305819,0.425076412139022,0.508070054559157
"Mam_R4",75.007127236701,0.0321941266787511,0.120822049410061,0.787043295381435,0.834116235678808
"Merlin1_HS",8.06495002371923,0.723163727110072,0.364888296887192,0.0222206503528889,0.0370344172548148
"ORSL-2a",66.5778684770029,0.630156693726901,0.13672080803544,2.43806092957996e-06,7.68431745131639e-06
"ORSL-2b",89.7831282153411,0.0449427984094737,0.120942330250259,0.70699059547001,0.76724547576575
"ORSL",282.475968063375,1.46730062757507,0.128439138323099,5.28711792304171e-31,1.12204391477885e-29
"PABL_A-int",88.9973025059806,0.00509062995359201,0.151657669962544,0.973845177642227,0.9800022599034
"PABL_A",114.069500268965,0.0111072217521196,0.105523600102443,0.915508230129669,0.934092264715634
"PABL_B-int",59.5172601531812,-0.258550297427128,0.175841982622474,0.130105552816725,0.18517258262291
"PABL_B",133.739326911416,0.355898874586857,0.143028916160072,0.0109508483717065,0.0194387735966165
"PRIMA4-int",155.699791531107,-0.343924742670313,0.161184396559163,0.0279427195632484,0.0457079962874031
"PRIMA41-int",150.804636433193,0.898573493560035,0.144591468994008,2.42523956375323e-10,1.21196813024141e-09
"PRIMA4_LTR",84.6926149974973,-0.0834003972836789,0.122350818912339,0.489179110939492,0.566261879936018
"PRIMAX-int",50.0387384726189,-4.07765236523087,0.259374576059852,6.64924882403166e-56,2.76088375084793e-54
"Plat_L3",555.069701601387,0.0485107509299393,0.0823766698925405,0.555974069602986,0.63058816682999
"PrimLTR79",22.5405655497501,0.811679864225784,0.224776896965568,0.000158394433132932,0.000369845192278607
"REP522",66.1476189228464,-0.658878118914061,0.267647032302718,0.00773602210764097,0.0142075021399945
"Ricksha",136.487117258295,0.0366026647577063,0.228703916347036,0.867495144074116,0.899519937666429
"Ricksha_0",139.567610662274,-0.468614071568558,0.220958565276416,0.0256425315154659,0.0423296011786761
"Ricksha_a",15.5701475441038,-1.28925178506902,0.252838940912622,1.13679675037993e-07,4.05089886795832e-07
"Ricksha_b",59.9928421774355,0.117791768163178,0.177228509439428,0.49288037438383,0.569166575013975
"Ricksha_c",111.277265609195,-0.0415985649944555,0.152714191626449,0.77945878281671,0.829858570334401
"SATR1",350.411886026442,3.52610588757531,0.245165287658361,3.22340842564683e-48,1.06150174016991e-46
"SATR2",39.0483222227691,2.26229169556908,0.270426094679809,5.79523899431807e-18,4.9859939095259e-17
"SST1",510.98476867715,1.8987059769652,0.311035334021906,1.30043403055278e-10,6.67329098159534e-10
"SVA_A",776.784501774135,1.26165287046252,0.118338828542422,3.88146586929137e-27,6.99396208523256e-26
"SVA_B",943.33985666173,0.112820996777487,0.0808329857343792,0.160450632954175,0.220475330174442
"SVA_C",768.220604303492,0.325325185237335,0.125825346221472,0.00860994270685197,0.0156618957810355
"SVA_D",5443.88531038957,1.26200338083417,0.120068755700197,2.00412867574449e-26,3.47989615515633e-25
"TAR1",118.128264393625,0.767222373190348,0.247384646030681,0.000949552181519869,0.00200181530541164
"THE1-int",51.921714834634,0.557769555705531,0.155030047639148,0.000222897960803472,0.000508037118299084
"THE1A-int",605.723358147305,0.790922851280617,0.199932264370848,3.78065041718471e-05,9.94633925182204e-05
"THE1A",562.202901382442,0.358347254248941,0.0827826748702074,1.28516721264577e-05,3.71919602447489e-05
"THE1B-int",1567.66464924209,0.759077156533832,0.140559631291353,3.55304724785453e-08,1.34649211178614e-07
"THE1B",3436.93285114899,0.265322008953141,0.0361898270381733,2.08415000092277e-13,1.39186241320367e-12
"THE1C-int",398.786310132325,0.16656409925202,0.141595280496697,0.230566856771977,0.298767093917556
"THE1C",1330.10119894905,0.254012624898465,0.0426403958543111,2.37611936161822e-09,1.04091467447037e-08
"THE1D-int",519.640773785321,0.505993798597169,0.114743062622452,7.67772690377077e-06,2.31300605460602e-05
"THE1D",1949.71508329091,0.242657021244969,0.0395407756722191,7.86817235823167e-10,3.63000222324215e-09
"Tigger10",231.562123328308,0.850970844130466,0.0750252895788649,3.43425025662301e-30,6.97810424484037e-29
"Tigger11a",107.990788160704,0.0848652488544039,0.172160748137212,0.611813296759181,0.680188240285236
"Tigger12",156.14458359148,0.241286934568418,0.162394542613418,0.126738349022091,0.180649437785219
"Tigger12A",110.600990718955,0.391871877272921,0.154333392552059,0.00934785664751664,0.0168437794309026
"Tigger12c",156.726862838544,0.156830788131164,0.120464974769793,0.186098039131273,0.248912643375862
"Tigger13a",673.09099851532,0.201644806711623,0.0800295106589374,0.0112091934171543,0.0198604447372585
"Tigger14a",194.085908059966,0.899462042460883,0.139515249026154,4.77445832655597e-11,2.57604954907398e-10
"Tigger15a",1069.6892446511,0.214667799979759,0.0860961842116135,0.0120321955568003,0.0212006397725909
"Tigger16a",206.388219374138,2.10632134943656,0.196744739888413,1.06733468978503e-27,1.99863652695041e-26
"Tigger16b",200.780392843353,1.10895407514059,0.106164969615672,3.75043019806435e-26,6.28361550728325e-25
"Tigger1",5046.09025457936,0.225603899104578,0.117625949401055,0.0541154354487131,0.0834898882932487
"Tigger1a_Art",56.9167323425125,0.757003279262576,0.160343708049433,1.1335568003473e-06,3.69469878611493e-06
"Tigger1a_Mars",8.57623464547687,-0.626933370235459,0.300524664678838,0.0218388272193326,0.0365896140253731
"Tigger2",1330.62004673756,0.0478081634890572,0.0606580967309366,0.429964689515084,0.511352775201625
"Tigger2a",746.537091274499,0.391024086014676,0.0725121875647836,5.8126601598475e-08,2.15995737457368e-07
"Tigger2b_Pri",409.793276743262,0.356352809681084,0.0693531998918562,2.42255058767259e-07,8.26262789724045e-07
"Tigger3",361.007584713362,-0.128126324395683,0.126820696100092,0.304564378779584,0.383213414669965
"Tigger3a",979.065880652201,0.722966436175769,0.100125099608475,2.88363737690594e-13,1.88621485955149e-12
"Tigger3b",2170.63107959135,-0.30767184904265,0.143129941763667,0.0279512773108308,0.0457079962874031
"Tigger3c",327.287710254069,0.362432655928884,0.0626678588110197,6.22843906953199e-09,2.56386177215649e-08
"Tigger3d",47.8995638513073,0.71431359807879,0.147157880458811,6.43035201610616e-07,2.13971643741512e-06
"Tigger4",382.082592828649,-0.220370190880238,0.0635124053309271,0.000505864430080505,0.00109298762607892
"Tigger4a",713.585006675502,0.832777039531653,0.136006014303281,4.40600449460407e-10,2.09340014544621e-09
"Tigger4b",457.148189934385,0.478651957321852,0.0828127877184412,5.80244906433883e-09,2.42102281353215e-08
"Tigger5",126.402785576893,-1.28148227430736,0.109776265875469,4.34218549453786e-32,9.42451624382649e-31
"Tigger6a",234.986348312363,0.151503654548257,0.134223622803635,0.251119118649733,0.322770872557867
"Tigger6b",51.3718792076588,-0.576026725086594,0.144692175204644,4.72344558058247e-05,0.000121587345807446
"Tigger7",447.183293522019,0.128259095967921,0.0727482307195084,0.0763321003192765,0.115202709906805
"Tigger8",216.233526505832,0.916472396095522,0.121152655689325,1.47944269180465e-14,1.0703543717223e-13
"Tigger9a",151.668926379243,-0.16285274486497,0.107124880339079,0.124271108303092,0.177397471493951
"Tigger9b",192.689314648204,0.143309488780481,0.171970484300137,0.391793586470852,0.473623892505903
"UCON11",2.30420084549838,-0.284301104564468,0.498043141714185,0.448740552874437,0.527809673609707
"UCON12",9.27054991934281,0.0860726768827338,0.394562937668015,0.796626554739995,0.840639071576459
"UCON12A",1.7218311422649,-0.0567598593975116,0.491108994518633,0.875249402411167,0.905593910403753
"UCON14",9.35732280130144,-0.109927632529893,0.368646537008505,0.725284957399578,0.78223507193545
"UCON15",2.52123170875419,0.187561618909626,0.444088074704175,0.594245879183802,0.661427522867752
"UCON16",2.01537904114454,-0.103737025788544,0.504511379522068,0.780342966337124,0.829874758187031
"UCON17",1.23946327796384,-3.04214990931839,1.37422306607204,0.00097023689868761,0.00204091682433187
"UCON18",1.06009602464226,0.315435768489461,0.567362071436182,0.403816661646846,0.485087939462564
"UCON19",2.24152066259571,0.149190442098258,0.497723157962997,0.683815909263776,0.74719015257083
"UCON1",17.2941150353561,4.76843433483448,0.418574929351654,1.58259240568128e-30,3.28559945092527e-29
"UCON20",7.26278973764988,0.580807930665845,0.391458229324983,0.0809407966495684,0.120967857277524
"UCON21",1.83794480635923,0.88880432722549,0.655076602714587,0.0511147518899943,0.0800239148441714
"UCON22",2.77215534859406,-0.0124677583640573,0.39927644332624,0.969945251153669,0.97710729414742
"UCON23",9.7945925848144,0.407602574561703,0.301208505943354,0.133451960209176,0.18880981037002
"UCON24",0.454339895351116,-0.0275141318566689,0.647060190776853,0.955800666587007,0.963875012239274
"UCON25",4.19632171536702,-0.311077252854633,0.394766321502537,0.350319964713643,0.43392421050782
"UCON26",19.3889693967693,-1.22444368152123,0.230064526325493,3.4756176501266e-08,1.32239635692068e-07
"UCON28a",26.4742405124554,-0.386096339078688,0.281656595587056,0.136477018798413,0.192804072414918
"UCON28b",18.2867051945304,1.30941287774747,0.210778372929566,1.30670723932809e-10,6.67329098159534e-10
"UCON28c",10.9551434596641,-0.252526176208969,0.227320385782836,0.242420038224475,0.312430683541665
"UCON29",28.4784216161752,0.204972240058228,0.151332300598519,0.165505066659459,0.226443178595678
"UCON2",18.5502354769417,1.47297981105566,0.33452272592116,1.91366799281751e-06,6.11221716769473e-06
"UCON31",10.6405751648156,-0.196075762584711,0.263990366663008,0.425762439270062,0.508253911878636
"UCON4",25.8016443490124,-0.530238091031688,0.226038132637561,0.0137662593966177,0.0239904702988502
"UCON5",10.9516747727822,0.086634490222284,0.268919578944843,0.730665230268099,0.786680152092486
"UCON6",10.5661648657704,0.371521813326126,0.257565295187384,0.123993679469871,0.177266413014561
"UCON7",4.81122958033804,-0.287447061669749,0.360342314086395,0.358401437800805,0.441643062064218
"UCON8",14.2007338696109,1.41401237395501,0.269144080342765,3.4274206092377e-08,1.3092746727288e-07
"UCON9",2.70657607158084,-0.336657575600204,0.485009821174624,0.361628995299095,0.442763705782866
"X1_LINE",12.1007159954989,-1.02849076507791,0.257505248755838,2.66812187025112e-05,7.21829004558022e-05
"X2_LINE",9.04249810162669,2.18098095664756,0.373912608390282,8.14996196038278e-10,3.7419296500796e-09
"X5B_LINE",8.26999509476898,-0.0341605152222571,0.28932374859131,0.896877899360234,0.920987520310778
"X6A_LINE",132.144912131208,2.36909353340015,0.139196752471693,4.50423329669845e-66,2.26396989386685e-64
"X7A_LINE",109.718462514338,0.231393276447977,0.0991965633096013,0.0184413596173679,0.031337185826666
"X7B_LINE",107.682595636889,0.408862663621486,0.12526025827502,0.000866466470310012,0.00183883439810236
"X7C_LINE",94.0303294385877,1.20325222617747,0.116956541870407,2.04548023995981e-25,3.25572271526937e-24
"X7D_LINE",5.4116630486417,0.0731625366779266,0.327441601036429,0.8026776500755,0.843297201124425
"X8_LINE",46.1193040283129,-2.06457050177618,0.217980114575361,2.88220918260572e-22,3.62172338077429e-21
"X9_LINE",74.3625019911011,5.33363602047215,0.241843919832363,7.96757449905177e-108,1.08700480665635e-105
"Zaphod2",96.3639978642149,0.829838925591386,0.137011300707029,6.59301950089925e-10,3.08643805066607e-09
"Zaphod3",150.766394898255,0.0468315922381973,0.0875442685735227,0.59089032730629,0.659229278712041
"Zaphod",240.490082991069,0.0633984580331632,0.103161184609641,0.539642165362572,0.617195530444619
