"SRR8750453","SRR8750454","SRR8750455","SRR8750456","SRR8750457","SRR8750458","SRR8750459","SRR8750460","SRR8750461","SRR8750462","SRR8750637","SRR8750638","SRR8750639","SRR8750640","SRR8750641","SRR8750642","SRR8750643","SRR8750644","SRR8750645","SRR8750646"
"(CATTC)n",304,51,168,245,193,140,910,860,865,91,4,11,14,12,15,116,72,71,21,3
"(GAATG)n",127,92,72,71,88,132,294,281,318,75,3,2,1,1,2,2,4,8,5,0
"7SK",66,73,57,70,85,101,92,98,60,69,89,112,147,123,206,237,237,150,177,66
"ACRO1",27,9,17,14,14,26,47,37,16,36,63,45,48,36,53,81,89,60,35,95
"ALR/Alpha",468,446,503,764,828,662,760,722,302,523,1,3,1,2,7,2,8,9,5,0
"AluJb",88349,64075,137414,150122,150183,120522,130765,174066,75355,57531,18707,20768,30890,31904,46601,66895,63269,66884,38658,15397
"AluJo",44837,32191,69308,72553,73573,59310,65393,83355,37355,29008,7175,7606,11060,11906,16519,21113,19884,22758,13332,5986
"AluJr4",9935,7506,14540,15962,16806,13907,15363,18385,8498,6490,1465,1708,2422,2693,3940,4797,4336,5369,3317,1228
"AluJr",47007,34641,73796,77917,78579,64542,71800,89313,39769,31301,17903,20066,30007,30517,43462,60437,55637,62065,36068,15158
"AluSc5",4585,3435,7546,9313,8976,6502,6996,9942,4275,2983,599,612,912,974,1546,3202,2921,2376,1281,472
"AluSc8",16913,12311,27586,32133,31558,23490,25009,35892,15205,10766,3981,4064,6330,6687,9662,14161,13621,13685,7659,3273
"AluSc",24966,18273,39870,47857,46619,35299,37646,54165,22441,16175,8001,8058,12123,12003,18174,24914,24924,23977,14314,6690
"AluSg4",5831,4224,9693,11214,10196,7961,8436,12883,5058,3744,1997,2257,3314,3712,5165,7395,7600,7079,3948,1717
"AluSg7",6202,4450,10035,11551,11328,8461,9094,13372,5730,4042,1250,1304,2033,2027,3013,4300,4343,4037,2283,1031
"AluSg",30320,22177,49283,56216,54139,41303,46415,65838,27875,20866,9454,9822,15291,15226,21644,28275,27652,28610,17483,7695
"AluSp",40143,28589,65236,74943,69847,55066,59241,85074,35347,26660,13133,14066,21841,22012,32618,45757,44808,44433,26019,11150
"AluSq10",1168,839,1976,2250,2122,1669,1780,2578,1086,846,220,247,411,370,579,1106,1092,891,459,214
"AluSq2",40493,29253,65780,74911,72679,55533,60473,83891,35468,26842,10330,10867,17190,17172,25654,35368,35592,34359,20970,8901
"AluSq4",1050,797,1808,1908,1999,1461,1564,2199,1028,682,361,361,612,586,795,1718,1500,1159,663,307
"AluSq",16559,11770,28527,32366,30863,23230,24970,36622,14660,10935,2186,2301,3471,3750,5163,7534,7045,7526,4108,1738
"AluSx1",80400,56174,129748,143537,139577,106902,116716,167886,71592,52896,20208,21701,33626,34611,49401,69221,67995,68106,40503,17261
"AluSx3",22319,16929,37386,43654,42532,32107,33878,49510,20407,14773,6529,6987,10651,11085,16415,25295,24581,22873,12955,5541
"AluSx4",3922,3080,6366,7370,7335,5577,5875,8258,3531,2592,2469,2616,3931,3855,5632,7943,7622,7515,4325,2039
"AluSx",91023,65238,148883,165147,159267,122751,131605,188481,78975,60274,22829,24465,36806,37328,54035,74694,72802,74303,44213,19064
"AluSz6",30085,21891,46972,52017,51982,41259,44845,59666,26519,19762,7721,8234,12303,12183,18068,26252,25058,24156,14861,6320
"AluSz",69027,49621,110063,123170,118777,92615,101432,140447,60610,45488,22264,23846,36618,36619,52271,77097,73860,73661,44344,18281
"AluY",103202,75670,173632,212747,205937,152191,157079,241748,94993,66176,19382,20857,32145,32807,51626,83529,86619,74565,36735,16073
"AluYa5",3881,3196,6656,8145,7963,6102,6274,8849,3628,2573,31,30,31,45,71,109,106,96,60,32
"AluYa8",151,131,291,371,369,292,270,356,140,103,17,27,29,20,62,65,53,59,29,10
"AluYb8",2565,2126,4746,5742,5302,4179,4085,5513,2106,1639,5,11,11,25,40,72,86,61,20,10
"AluYb9",354,284,572,706,661,561,546,663,347,277,0,2,1,3,8,10,1,11,6,5
"AluYc3",467,383,848,960,988,730,827,1161,486,329,86,94,142,181,253,448,418,413,204,88
"AluYc",4169,3167,7095,8852,8431,6152,6335,9246,3829,2506,744,923,1247,1335,2546,4352,4606,3858,1615,673
"AluYd8",475,206,1462,874,502,435,610,676,685,351,0,2,9,2,10,71,65,10,4,5
"AluYg6",508,412,944,1143,1091,797,811,1223,517,313,17,11,24,31,49,42,56,74,22,11
"AluYh9",72,37,125,171,136,101,93,152,59,37,42,18,57,29,50,48,45,59,50,13
"AluYk11",266,285,385,468,462,413,474,525,275,216,5,10,10,22,23,21,15,52,11,4
"AluYk12",170,122,220,277,250,220,247,277,192,96,4,1,3,2,1,4,1,9,2,2
"AluYk4",1602,1200,2851,3465,3352,2604,2652,4037,1627,1076,176,189,280,294,450,1054,919,788,377,136
"AmnSINE1",189,165,221,246,290,258,270,271,145,173,158,162,246,247,372,199,267,317,323,106
"Arthur1",437,416,518,566,621,611,693,712,376,347,156,130,247,200,313,143,137,313,248,100
"Arthur1A",246,204,322,315,370,344,332,332,207,171,49,62,78,86,115,146,176,163,197,44
"Arthur1B",466,349,542,526,622,552,656,710,295,299,116,105,152,156,223,153,139,333,192,88
"Arthur1C",109,69,155,145,150,115,157,212,77,79,175,182,212,166,346,370,428,255,337,167
"BLACKJACK",353,294,367,512,547,543,650,655,293,254,96,120,171,172,257,153,187,272,190,73
"BSR/Beta",389,352,556,423,369,547,762,503,208,412,253,179,277,304,338,129,199,698,542,136
"CER",26,23,32,42,24,27,99,40,25,35,37,45,55,43,35,6,12,80,62,32
"CR1_Mam",492,414,545,562,614,705,904,719,475,383,76,124,215,208,291,242,245,285,234,81
"Charlie10",233,290,315,348,278,393,486,399,212,235,82,87,156,146,236,131,152,153,162,86
"Charlie10a",59,40,84,66,82,73,97,75,35,57,14,18,36,34,42,23,45,42,26,12
"Charlie10b",48,45,39,64,58,58,67,68,47,39,11,19,27,35,29,24,15,34,35,10
"Charlie11",15,12,21,12,26,27,16,37,16,12,4,3,4,5,5,20,13,15,11,2
"Charlie12",20,28,16,23,11,22,32,12,15,22,3,5,2,5,9,3,1,7,4,8
"Charlie13a",130,110,119,197,160,176,198,217,111,118,39,67,58,78,105,138,85,87,96,37
"Charlie13b",83,46,88,77,111,82,108,110,45,55,35,28,54,44,37,32,25,84,74,23
"Charlie14a",67,70,123,96,93,116,121,114,90,62,23,15,27,22,46,26,35,42,33,10
"Charlie15a",753,610,850,873,849,1056,1039,953,575,602,195,166,223,315,374,353,388,431,402,135
"Charlie16a",276,215,302,345,326,396,442,368,249,278,188,170,259,215,247,206,222,304,274,160
"Charlie17a",218,157,242,271,275,270,335,326,162,190,80,81,112,135,146,99,91,195,216,55
"Charlie18a",577,497,750,629,796,790,944,868,527,510,196,230,306,352,403,327,302,468,370,183
"Charlie19a",325,194,330,323,353,325,440,354,230,244,135,177,210,212,292,234,194,300,297,96
"Charlie1",768,574,744,743,881,888,1001,761,610,589,328,308,484,423,564,287,289,594,468,266
"Charlie1a",1678,1501,1957,2148,2235,2268,2705,2354,1589,1458,697,726,1090,1128,1580,1284,1223,1554,1368,599
"Charlie1b",772,505,867,873,819,915,1087,919,767,575,257,259,345,382,435,484,487,534,518,197
"Charlie20a",183,136,171,209,237,208,263,264,169,122,58,64,106,95,124,88,106,131,97,40
"Charlie21a",154,133,148,167,192,181,243,215,128,117,31,34,65,59,80,82,73,107,94,35
"Charlie22a",180,157,184,198,234,220,267,250,123,175,110,106,155,107,138,132,126,198,151,74
"Charlie23a",206,187,232,235,235,272,354,245,166,197,86,108,166,131,194,72,107,159,179,76
"Charlie24",281,228,290,319,384,378,547,449,289,304,72,100,99,106,173,188,187,194,161,62
"Charlie25",203,160,211,285,359,297,309,310,156,132,46,55,72,69,115,91,100,113,128,35
"Charlie26a",44,59,78,90,86,93,89,111,42,35,25,16,18,43,47,31,29,49,35,15
"Charlie2a",390,360,404,451,504,548,599,526,320,337,222,227,313,294,399,233,265,362,361,136
"Charlie2b",648,531,722,851,885,820,1012,938,584,483,285,250,392,323,461,379,338,536,457,186
"Charlie3",183,138,165,222,238,236,289,279,151,98,90,78,117,116,174,121,87,181,154,70
"Charlie4",23,30,41,28,19,30,35,40,27,22,59,82,103,144,173,151,106,173,167,78
"Charlie4a",657,557,733,758,819,900,1127,970,576,589,277,319,435,494,546,474,414,632,535,283
"Charlie4z",1028,931,1144,1239,1260,1319,1597,1270,836,885,444,463,770,741,920,821,743,976,881,382
"Charlie5",1152,908,979,972,961,1537,1626,917,781,1134,978,946,1225,891,1938,480,466,1133,1505,748
"Charlie6",57,45,75,91,125,76,95,113,46,31,58,63,86,39,98,45,34,68,55,36
"Charlie7",727,594,814,802,898,933,1041,984,593,547,214,230,352,361,521,377,372,540,501,178
"Charlie7a",207,219,292,276,270,347,355,321,181,223,70,68,110,83,150,140,96,151,140,56
"Charlie8",673,559,895,900,967,912,1119,960,570,617,486,505,788,828,1027,794,740,934,754,418
"Charlie9",191,163,246,250,233,241,402,301,167,204,107,91,172,126,210,150,143,237,176,82
"Cheshire",417,412,389,446,425,612,659,477,408,442,298,264,347,327,518,219,276,464,533,227
"D20S16",31,24,25,17,14,24,41,29,37,37,16,15,15,14,18,13,0,21,23,12
"DNA1_Mam",38,28,44,40,37,41,43,46,27,29,16,11,8,13,17,38,13,20,22,3
"ERV3-16A3_I-int",1429,967,1686,1942,2257,1605,1967,2465,861,875,590,524,760,704,1011,529,600,1199,904,462
"ERV3-16A3_LTR",175,117,229,220,271,250,223,292,117,130,73,53,74,102,115,120,111,193,117,55
"ERVL-B4-int",1140,707,1220,1207,1609,1164,1488,1609,722,781,477,489,673,710,780,445,462,1002,679,386
"ERVL-E-int",1643,1384,2026,2328,2677,2245,2458,2951,1261,1226,540,566,922,752,1102,608,562,1444,911,464
"ERVL-int",220,168,209,273,279,309,317,325,145,137,43,32,69,72,78,27,21,86,76,26
"Eulor10",5,2,19,16,12,9,11,9,2,5,0,1,4,1,3,0,0,10,4,0
"Eulor11",7,3,6,1,9,5,5,7,2,2,3,1,0,1,0,0,1,1,0,0
"Eulor12",4,7,11,13,6,6,9,7,2,5,0,0,1,0,3,2,2,2,5,1
"Eulor1",12,10,11,6,11,20,16,12,4,5,1,2,2,2,6,2,1,3,0,2
"Eulor2A",3,4,5,7,3,6,17,14,2,3,0,1,2,1,6,0,5,0,3,3
"Eulor2B",13,8,8,19,12,15,18,11,3,7,5,5,4,6,9,6,1,6,9,3
"Eulor2C",1,2,4,1,5,1,2,5,2,0,3,4,1,2,0,0,14,2,1,0
"Eulor3",2,1,7,4,13,2,3,10,1,3,0,1,4,1,0,0,2,5,1,0
"Eulor4",15,9,10,6,5,9,11,13,7,6,1,9,19,7,14,0,0,11,6,2
"Eulor5A",10,15,18,11,26,27,33,15,9,17,1,7,23,10,8,5,1,15,15,1
"Eulor5B",5,4,2,6,5,8,6,11,3,3,0,2,0,1,0,0,0,3,15,1
"Eulor6A",3,1,2,2,5,3,4,2,2,1,0,0,0,0,0,1,0,4,0,0
"Eulor6B",7,4,5,4,6,8,7,8,3,3,0,1,3,0,3,0,0,3,7,0
"Eulor6C",6,1,1,2,3,0,0,1,1,1,1,0,0,0,0,0,0,0,0,1
"Eulor6D",5,8,16,10,19,13,8,12,2,10,5,6,4,8,11,1,5,12,5,2
"Eulor6E",0,1,3,1,2,4,3,3,2,0,0,0,0,2,1,0,0,1,1,0
"Eulor7",0,0,1,8,1,0,1,2,0,0,0,0,0,0,3,0,0,0,0,0
"Eulor8",11,15,19,17,28,30,16,18,6,8,5,5,7,8,24,4,3,16,9,6
"Eulor9A",19,10,18,21,14,14,37,30,25,5,5,4,11,9,23,0,1,6,15,5
"Eulor9B",1,1,4,1,0,1,1,3,0,1,0,5,2,4,5,0,0,10,2,0
"Eulor9C",22,14,24,11,12,19,11,12,12,10,3,3,1,1,5,13,8,5,5,1
"FAM",1907,1416,2717,2776,2893,2514,2912,3175,1584,1253,559,595,895,817,1216,1498,1316,1541,1052,468
"FLAM_A",5400,4113,8250,8680,8962,7704,8255,9752,4648,3469,1721,1734,2582,2299,3882,4411,4160,4359,2872,1461
"FLAM_C",21625,13165,29045,25755,20424,31413,32017,34996,26700,16629,2311,2691,3599,3680,5694,8407,7961,8313,4771,1918
"FRAM",2916,2079,4740,4893,4762,4041,4339,5430,2372,1989,1854,2116,3095,3134,4680,7078,6423,6695,3871,1539
"FordPrefect",145,95,163,185,266,177,228,233,69,86,37,19,34,36,64,35,31,86,40,24
"FordPrefect_a",81,45,95,54,102,62,112,82,54,52,11,24,19,32,26,28,14,47,31,8
"GSAT",19,7,36,18,10,18,15,21,4,6,1,1,2,4,2,1,4,2,0,0
"GSATII",1243,881,1915,1847,1526,1714,1616,2503,959,1186,45,89,109,131,263,185,232,543,247,45
"GSATX",10,10,18,16,11,11,27,20,0,9,2,3,3,4,5,0,2,12,3,2
"HAL1",18095,14953,20971,20420,26486,26819,29115,32615,16568,12448,2401,3145,4444,4427,7495,7343,6590,7858,6066,2097
"HAL1b",1947,1728,2398,2456,3296,3199,3310,4034,1817,1318,291,404,590,579,977,765,644,900,611,250
"HERV-Fc1-int",51,39,31,81,42,33,60,48,59,26,0,0,0,0,0,0,0,0,1,0
"HERV-Fc1_LTR1",5,5,3,5,8,4,4,3,5,6,3,1,4,3,5,4,0,1,0,3
"HERV-Fc1_LTR2",0,0,1,1,0,0,2,1,0,4,0,2,0,1,2,0,0,0,1,0
"HERV-Fc1_LTR3",0,0,0,0,0,0,1,1,0,0,0,0,0,0,0,0,0,2,0,0
"HERV-Fc2-int",1,1,2,1,1,1,1,1,0,1,3,0,2,0,0,0,0,1,0,0
"HERV-Fc2_LTR",0,0,0,1,0,0,0,0,1,1,0,0,0,0,0,0,0,0,0,0
"HERV15-int",122,80,188,141,157,134,143,212,92,67,24,22,39,30,55,20,17,98,50,18
"HERV16-int",333,245,465,454,509,398,464,625,204,240,149,109,184,166,205,95,87,273,185,87
"HERV17-int",482,271,623,506,685,572,562,763,260,306,86,86,139,125,180,284,307,316,207,90
"HERV1_I-int",10,22,34,16,30,29,43,25,16,32,16,13,15,23,12,20,10,21,25,13
"HERV1_LTRa",15,17,5,17,12,15,15,6,16,9,0,2,0,0,2,2,0,1,4,0
"HERV1_LTRb",5,1,4,0,2,2,3,4,1,2,6,5,11,5,1,5,5,9,13,3
"HERV1_LTRc",9,10,15,12,16,6,17,8,14,12,5,2,7,11,5,6,5,6,6,2
"HERV1_LTRd",13,11,25,21,16,13,19,21,5,10,4,8,5,1,4,15,8,13,15,9
"HERV1_LTRe",20,5,13,13,14,22,18,5,11,7,5,2,5,1,5,5,10,5,21,1
"HERV3-int",200,190,293,222,244,305,283,356,132,130,66,55,82,91,102,107,80,176,144,45
"HERV30-int",40,20,53,59,86,58,30,87,17,12,3,5,7,5,17,1,1,22,11,5
"HERV35I-int",162,102,249,240,305,193,228,308,119,99,46,67,65,104,119,120,108,166,97,28
"HERV4_I-int",247,211,339,344,277,325,477,356,226,248,55,63,96,105,117,105,122,135,126,32
"HERV9-int",316,224,320,228,287,309,393,265,251,204,32,33,56,86,65,54,74,159,84,36
"HERVE-int",272,249,184,192,176,267,386,174,195,282,566,475,858,950,714,488,538,1502,1681,321
"HERVE_a-int",135,110,143,99,106,173,162,99,74,94,86,59,112,86,142,84,96,152,103,68
"HERVFH19-int",59,28,63,47,69,44,40,58,21,27,21,25,33,34,26,17,24,44,41,19
"HERVFH21-int",93,44,151,106,105,104,87,120,64,52,10,4,32,32,25,22,15,45,46,15
"HERVH-int",2477,1777,2353,2178,1908,2938,3337,3001,2406,1945,807,916,1329,1331,1444,1037,868,1729,1594,787
"HERVH48-int",124,92,95,97,92,126,161,118,101,94,28,43,57,34,28,32,45,68,58,23
"HERVI-int",107,78,176,108,138,128,151,146,88,87,22,14,35,15,41,86,104,45,35,8
"HERVIP10F-int",386,235,448,342,465,381,380,451,283,227,70,126,131,187,186,235,290,224,169,86
"HERVIP10FH-int",631,516,861,798,881,874,932,962,494,408,86,129,227,198,306,662,616,353,247,101
"HERVK-int",568,561,648,638,540,783,1060,626,440,491,366,361,630,619,721,558,541,922,884,213
"HERVK11-int",101,94,97,84,80,104,204,83,118,110,106,110,134,136,149,65,83,163,219,51
"HERVK11D-int",23,20,23,30,37,21,24,28,14,17,6,15,15,10,15,4,4,22,34,16
"HERVK13-int",46,66,61,52,32,88,69,25,48,77,5,10,11,4,4,26,41,16,6,2
"HERVK14-int",188,144,171,125,182,227,221,146,145,140,113,96,175,122,169,163,120,230,186,93
"HERVK14C-int",30,19,37,41,42,29,61,41,25,40,14,12,31,26,32,10,13,60,33,10
"HERVK22-int",167,110,164,149,175,176,195,181,90,97,85,122,163,176,177,97,81,281,299,83
"HERVK3-int",205,174,223,231,216,278,426,214,177,266,226,194,239,247,267,113,162,307,315,112
"HERVK9-int",326,307,416,399,355,404,1080,390,225,620,282,267,434,324,378,161,216,379,524,194
"HERVKC4-int",42,29,61,96,89,86,73,106,29,15,2,8,12,11,22,17,19,21,13,4
"HERVL-int",884,571,960,1006,1317,977,1244,1271,553,639,262,288,399,378,480,343,377,670,501,201
"HERVL18-int",56,37,65,64,76,80,78,84,30,31,50,24,61,41,50,28,25,68,46,29
"HERVL32-int",24,7,18,13,20,15,22,17,6,7,8,11,19,24,8,14,11,19,9,10
"HERVL40-int",228,196,283,341,393,336,339,337,193,182,126,116,160,179,214,155,151,268,211,100
"HERVL66-int",19,21,23,43,20,33,48,27,13,31,33,17,21,10,23,1,5,21,32,11
"HERVL74-int",272,179,297,303,367,363,414,392,194,200,1021,483,774,517,483,76,77,739,787,664
"HERVP71A-int",180,129,231,224,213,227,387,357,152,176,56,45,60,73,125,88,50,126,71,34
"HERVS71-int",224,177,274,189,190,229,253,235,92,133,126,112,178,237,196,106,104,320,229,121
"HSAT4",60,19,59,47,42,43,51,85,11,28,0,2,1,0,1,1,0,14,1,0
"HSAT5",33,20,52,31,26,37,53,17,23,53,15,18,21,40,25,5,10,32,45,15
"HSAT6",0,0,1,0,0,0,0,0,0,0,0,0,0,0,0,0,0,0,1,0
"HSATI",1,47,19,7,2,140,16,3,3,8,0,0,0,0,0,0,0,1,0,0
"HSMAR1",311,245,394,465,517,446,551,488,257,308,105,120,163,123,199,327,290,244,172,96
"HSMAR2",706,662,820,790,1032,991,1333,1123,670,704,497,477,799,640,938,619,679,861,855,347
"HUERS-P1-int",245,162,246,239,315,260,295,373,131,132,70,67,114,100,186,63,76,174,144,53
"HUERS-P2-int",126,111,253,215,277,197,143,203,75,84,34,33,48,50,61,118,66,171,87,27
"HUERS-P3-int",247,168,256,234,240,334,326,321,134,188,184,151,218,257,208,76,109,298,303,158
"HUERS-P3b-int",210,202,237,287,262,304,367,312,162,209,140,98,159,122,205,164,126,230,190,78
"Harlequin-int",1471,1022,1422,1463,1759,1845,1997,1902,1224,819,245,410,451,501,818,857,744,886,610,218
"Helitron1Na_Mam",38,47,36,44,75,72,76,63,32,37,8,6,16,10,26,22,22,24,19,7
"Helitron1Nb_Mam",61,78,61,83,84,86,87,94,40,23,12,28,19,29,38,60,57,37,21,10
"Helitron2Na_Mam",78,87,93,98,95,93,131,88,68,61,33,31,59,43,107,28,55,81,61,38
"Helitron3Na_Mam",195,149,206,205,226,254,329,282,177,186,82,57,91,102,141,88,86,127,150,64
"Kanga11a",222,232,160,184,191,336,288,207,220,234,62,62,96,57,92,64,70,102,93,32
"Kanga1",164,116,130,163,183,161,174,185,84,109,35,43,41,48,80,65,44,66,66,26
"Kanga1a",143,126,141,163,205,190,294,206,130,138,52,65,99,77,131,75,96,109,108,43
"Kanga1b",66,52,68,81,101,74,76,84,49,57,25,25,21,39,34,113,126,74,39,7
"Kanga1c",150,106,145,183,200,200,213,211,117,117,46,64,96,85,130,38,52,157,161,51
"Kanga1d",94,86,133,106,144,143,145,145,70,54,24,29,48,45,54,53,63,76,58,32
"Kanga2_a",298,246,330,370,382,434,510,507,299,234,176,194,275,271,343,243,174,295,263,141
"L1HS",5157,3983,6647,4545,8053,7771,7731,9658,4233,3223,25,31,42,44,112,90,46,86,72,19
"L1M1",14183,10938,13903,14896,25034,21134,22255,28869,10716,8059,1736,2840,3660,3629,7381,5795,5792,5814,4342,1778
"L1M2",9993,7448,9996,10049,17023,14479,14030,19134,6355,4726,1185,1739,2298,2433,4908,3110,3265,4450,3089,1122
"L1M2a1",219,102,186,173,257,291,224,347,85,75,16,10,18,21,40,26,28,31,28,10
"L1M2a",757,555,905,826,1283,1175,1058,1456,488,407,172,132,232,257,335,309,296,357,251,122
"L1M2b",212,129,229,225,390,313,287,433,127,105,19,16,30,20,65,23,20,78,30,11
"L1M2c",768,570,790,695,1209,1157,1180,1395,578,399,56,101,125,156,261,156,144,231,164,55
"L1M3",4072,3579,4518,4581,6542,6535,6598,7318,3110,2532,846,1052,1390,1471,2548,2593,2613,2369,1777,720
"L1M3a",469,398,483,546,683,694,794,745,233,305,125,141,167,150,299,121,141,297,233,97
"L1M3b",632,441,635,672,1104,940,784,1166,343,290,111,121,147,130,266,84,88,240,182,116
"L1M3c",1034,860,1073,1166,1856,1611,1654,2287,732,497,76,114,162,172,421,639,493,421,237,71
"L1M3d",496,384,488,563,871,831,971,1246,494,398,124,196,236,258,493,136,157,266,232,121
"L1M3de",408,245,400,431,659,520,490,751,295,160,25,32,55,98,126,82,79,176,95,23
"L1M3e",720,558,727,766,1191,1089,978,1328,419,357,47,97,120,139,260,269,287,230,178,44
"L1M3f",1288,1023,1371,1382,2244,1840,1769,2453,842,553,126,187,297,251,539,628,507,566,424,116
"L1M4",10464,8477,11495,10944,16081,15070,16981,18442,8864,7091,2754,3526,5093,5132,8724,6513,6224,7334,6146,2393
"L1M4b",6823,4976,7907,7414,9929,9836,11785,12054,7102,4518,617,827,1110,1019,2119,1938,2009,1835,1394,598
"L1M4c",7259,6075,7471,7700,11793,11507,11195,13479,6444,4335,579,861,1145,1223,2351,2225,1924,1898,1340,592
"L1M5",23336,19396,25802,26301,34859,33601,37648,39239,20119,16088,3753,4242,6290,6267,9811,7605,7255,9174,7787,3221
"L1M6",2942,2540,3517,3380,5114,4644,4669,5513,2689,1865,338,475,682,572,1214,1631,1507,1085,803,297
"L1M7",3550,3113,3705,3901,5491,5537,5727,6446,3145,2197,678,729,968,819,1767,2232,1928,1335,935,558
"L1M",225,187,262,214,307,270,369,343,234,189,35,43,48,49,82,65,65,78,78,25
"L1MA10",1559,1325,1870,2086,3288,2526,2758,3362,1248,1012,246,346,535,509,944,907,751,827,555,218
"L1MA1",7175,5304,6862,7595,12055,9935,10322,13573,4187,3702,915,1448,1809,1722,3580,3237,3433,2798,1980,918
"L1MA2",10970,8535,11133,11782,19701,16084,16726,22401,7460,5877,1596,2280,3162,2744,5781,2802,2567,4439,3236,1485
"L1MA3",16021,12911,15605,16234,25600,23669,25599,30396,12275,9933,2361,3660,5350,4750,10031,5196,4864,7107,5458,2366
"L1MA4",10511,8810,10968,11606,18595,16166,15680,19600,7115,5764,1422,1699,2588,2521,4824,3724,3469,4483,3279,1243
"L1MA4A",9799,7529,9989,9864,16578,14364,14851,19013,6347,5368,1106,1609,2300,2163,4237,3176,2952,3789,2809,1062
"L1MA5",5442,4766,5726,6051,9118,8835,8496,9874,3704,3190,758,951,1557,1421,2779,2184,2169,2473,1681,659
"L1MA5A",2981,2653,3577,3547,5393,4985,4798,5683,2053,1798,370,536,774,710,1344,932,941,1227,859,343
"L1MA6",4758,4108,4665,5182,8475,7125,7783,9759,2996,2815,698,970,1407,1255,2578,1284,1312,2063,1603,574
"L1MA7",5747,4919,5498,5703,8716,8884,9813,10185,4457,3901,883,1221,1714,1777,3399,2069,1959,2590,2002,826
"L1MA8",6660,5544,6800,7240,11044,10160,10468,12227,4874,4072,1034,1440,1931,1873,3543,2300,1912,3149,2369,964
"L1MA9",11477,9956,11604,12724,19654,18615,19186,21687,9684,7925,2282,3245,4268,4022,7755,6213,6079,5873,4960,2082
"L1MB1",4886,4262,4932,5720,8634,7920,8076,9863,3821,3093,918,1275,1762,1591,3432,1945,1853,2422,1891,782
"L1MB2",4983,4448,5652,5496,7660,7310,9002,8859,4223,3868,1350,1545,2161,2130,3520,2270,2255,3106,2730,1128
"L1MB3",9563,7419,10828,10399,13304,13591,16091,17296,8503,7510,2502,2958,4414,4304,6416,3945,3640,6430,5123,2023
"L1MB4",5218,4268,5693,5708,7643,7660,8104,8505,4401,3885,1583,1784,2512,2357,3682,2419,2392,3400,2802,1303
"L1MB5",5682,4577,6502,6608,8259,7906,9038,8726,4899,4287,1649,2059,2793,2492,4227,4441,3623,3852,3021,1552
"L1MB7",13504,11173,14424,14397,18563,18899,21202,21655,11430,9988,3831,4859,6775,6388,10417,7936,7806,9658,8271,3563
"L1MB8",8832,7028,9520,9954,13037,12816,13700,13975,7548,6327,2405,2813,4138,3951,6091,4649,4474,5768,4737,2051
"L1MC1",10572,8848,10849,11974,16648,15835,17742,20001,8759,7140,2411,2860,4061,3981,7204,4308,4012,6056,5031,2008
"L1MC2",3830,3090,3987,4564,6103,5536,6031,6887,2948,2480,634,946,1251,1299,2258,1794,1706,2189,1568,604
"L1MC3",8221,6683,7824,8307,11252,12052,13323,14119,6759,5808,1761,2360,3021,2971,5255,2794,2702,4662,3649,1554
"L1MC4",12169,10297,13632,14496,17695,17722,20262,19648,10899,9197,3091,3693,5090,5078,7204,6066,5595,7652,6162,2611
"L1MC4a",11399,9598,12557,12557,15805,16410,18234,17695,9870,8451,1248,1422,2066,2113,3155,2754,2589,2819,2357,1214
"L1MC5",6290,5190,7172,7551,8296,8485,10088,9504,5211,4886,1596,1712,2691,2387,3663,3116,3069,3830,3049,1345
"L1MC",3643,3020,4250,4371,6112,5238,5728,6328,2863,2422,458,593,873,786,1348,1049,951,1436,1072,436
"L1MCa",7913,6554,8381,9252,13157,12962,13822,16571,7227,5121,1362,1988,2575,2461,5258,3673,3392,4186,3458,1285
"L1MCb",1399,1112,1457,1740,2634,2279,2299,3091,1140,814,209,398,512,488,1123,618,612,820,623,196
"L1MCc",1671,1284,2015,2173,3328,2520,2580,3525,1126,848,258,366,530,475,911,735,721,894,556,240
"L1MD1",7451,6790,7766,8239,10980,11650,11459,13119,5839,4860,2562,2704,3979,3016,5493,3367,3015,4294,3429,2443
"L1MD2",7488,6075,7819,8020,11005,10595,12034,12529,6399,5362,1898,2297,3125,3296,5331,3311,3203,4222,3778,1747
"L1MD3",2056,1671,2312,2267,2771,2932,3338,3210,1758,1555,626,730,1079,988,1680,989,973,1475,1414,579
"L1MD",4304,3714,4820,4882,6918,6471,7354,7900,3791,2913,758,860,1296,1318,2122,1540,1515,2067,1574,633
"L1MDa",8308,6928,9128,9546,13405,13003,14956,16694,7529,5688,1145,1712,2368,2183,4619,3243,2942,3500,2823,1065
"L1MDb",645,511,729,747,1183,955,981,1302,379,353,47,94,114,118,214,176,219,223,171,45
"L1ME1",19591,16312,20313,21323,29128,28708,30902,32657,16194,13682,4265,5639,7851,7479,13179,9097,8776,10774,9288,4019
"L1ME2",7273,6095,7372,7519,10600,10574,11205,11625,5929,5228,1656,2082,2983,2673,4825,3560,3274,4205,3778,1469
"L1ME2z",2507,2156,3000,3066,3988,3905,4027,4408,2001,1787,980,1130,1544,1444,2096,1834,1777,1953,1549,847
"L1ME3",3585,2893,3913,4163,5288,5141,6477,6132,3193,2947,1154,1252,1831,1586,2553,1459,1393,2509,1920,1002
"L1ME3A",5933,5063,6739,7217,9290,8715,9793,9798,4899,4228,1663,1915,2791,2531,4178,2731,2565,4011,3345,1406
"L1ME3B",3971,3546,4133,4271,5392,6137,6526,6289,3448,3093,1179,1493,1959,1821,3317,2829,3011,2510,2317,1059
"L1ME3C",4685,3943,5168,5193,6623,6720,7698,7944,4184,3221,333,391,549,526,735,585,655,751,684,307
"L1ME3D",1783,1566,2060,1989,2841,2702,2790,3191,1526,1103,481,550,751,733,1309,865,857,1153,947,394
"L1ME3E",2276,2035,2405,2438,3168,3226,3729,3659,2039,1588,357,478,684,679,1143,846,736,1040,890,318
"L1ME3F",2808,2297,2769,3549,4170,4119,4180,3806,2936,2223,773,864,1161,1136,1704,2412,2316,1511,1387,645
"L1ME4a",11295,10253,12772,12343,14410,15761,18596,16092,9970,9287,2807,2987,4237,4055,5985,4444,4418,5509,4706,2372
"L1ME5",1179,1001,1432,1342,1747,1622,1682,2021,855,757,357,478,763,718,1153,317,378,1125,724,314
"L1MEa",225,283,245,369,446,476,320,448,214,144,44,36,49,65,90,83,110,108,73,25
"L1MEb",882,600,960,1007,1288,1155,1253,1514,665,484,175,150,285,252,502,293,354,459,306,126
"L1MEc",14437,12174,15663,15462,24546,22279,24919,27961,12992,9616,2107,2743,4207,3952,7561,6872,6298,7058,5470,1918
"L1MEd",6042,5340,7002,6709,9558,9827,10537,11274,6040,4589,1825,2419,3348,3488,6287,6068,5287,5557,4112,1660
"L1MEf",11532,9828,12863,12911,19603,17855,19664,21498,10190,7591,1799,2438,3176,3144,6145,3967,4100,5107,3936,1670
"L1MEg1",322,247,354,409,532,433,518,545,310,179,125,130,186,158,266,79,86,200,178,113
"L1MEg2",405,289,357,380,510,540,551,523,354,246,65,106,93,95,161,162,178,205,113,70
"L1MEg",11965,10349,12938,13411,19306,18749,19909,22174,10862,8247,1785,2472,3172,3116,5799,7001,5876,4637,3447,1605
"L1P1",2800,2336,3414,2484,4841,4342,4584,5386,2700,1959,613,679,963,941,1488,1775,1623,1355,1248,539
"L1P2",2807,2092,2847,2402,4086,3934,3790,4634,2152,1669,536,542,909,865,1424,1323,1262,1192,1015,491
"L1P3",3158,2281,3518,3263,5408,4269,4212,5616,2040,1465,485,456,800,766,1271,1031,1070,1562,1000,352
"L1P3b",51,27,66,41,88,56,52,111,31,23,3,10,8,13,24,24,19,41,15,5
"L1P4",2373,2038,2822,2979,5054,3799,3630,5060,1504,1191,293,337,495,416,947,490,518,952,531,204
"L1P4a",1547,1122,1547,1427,2219,2125,2210,2573,1058,870,227,406,693,456,1004,3347,6020,750,727,312
"L1P4b",110,87,85,159,215,163,103,220,48,44,6,3,6,5,8,8,5,20,14,3
"L1P4c",11,3,13,1,9,6,10,17,4,1,2,0,0,2,5,5,5,2,0,2
"L1P4d",214,121,269,227,375,271,258,455,64,70,30,55,81,75,132,97,84,117,55,33
"L1P4e",192,166,183,191,337,276,210,346,124,94,17,18,38,29,61,25,24,73,37,16
"L1P5",102,103,154,163,222,170,177,225,82,69,20,27,35,20,62,26,33,74,42,23
"L1P",13,18,20,14,34,17,17,26,5,9,3,0,2,1,12,5,22,4,7,1
"L1PA10",11624,8527,13035,11518,17909,16158,15964,20614,6741,6310,1440,1836,2816,2708,4644,3915,3432,5436,3898,1143
"L1PA11",6087,4290,7605,6773,11500,8594,8251,12067,3800,2946,755,799,1128,1124,2178,1359,1369,2544,1608,633
"L1PA12",2830,2076,2815,2558,3719,3970,4328,4909,1834,1831,559,662,1110,1036,1704,744,666,1699,1471,452
"L1PA13",10641,7484,11932,11335,19320,14783,14114,20449,5938,4660,1223,1499,2140,2118,3881,2164,2233,4541,2938,996
"L1PA14",4092,2859,4537,4332,7820,5641,5644,8139,2213,1856,354,451,665,700,1319,698,809,1546,850,318
"L1PA15-16",2445,1756,2682,2577,4639,3567,3214,4794,1246,1015,237,287,430,398,730,414,392,925,493,244
"L1PA15",12819,9423,13807,13801,23450,18510,17773,24875,7259,6150,1496,1867,2664,2628,5019,1966,2154,5434,2938,1451
"L1PA16",16760,12813,19788,19390,33157,24766,26353,35590,10745,8982,1614,2331,3491,3388,6618,4213,4170,6801,4018,1485
"L1PA17",5629,4613,6411,6385,10728,9002,8281,10723,3389,3129,498,626,967,908,1811,1551,1501,2295,1409,451
"L1PA2",16267,13270,21678,14457,27897,25859,24378,30809,12585,9371,1746,2057,3327,3189,5441,6837,6316,4774,3929,1507
"L1PA3",24248,18345,30950,21690,41817,36477,36846,45052,18355,15180,3914,4255,6671,6502,10934,8853,9177,9412,7991,3166
"L1PA4",19597,15037,24141,17962,30615,27826,28787,35985,15080,12394,3390,3661,5938,5467,9270,7790,7461,8126,6527,2774
"L1PA5",15393,12278,18721,14488,22631,22515,22856,26533,11969,10327,3015,3499,5242,4931,7863,6642,6225,8315,7146,2315
"L1PA6",11520,8196,13359,11188,17320,15210,16696,20722,9041,6987,1848,1957,3171,2872,4740,4014,3802,4969,3812,1629
"L1PA7",25314,19736,30278,26029,42579,37329,39480,46605,19409,16635,4378,5282,7995,7551,13094,11515,10870,11677,8783,3853
"L1PA8",8752,6946,11825,10653,16273,13073,13005,17652,5250,4926,1014,1165,1813,1686,3220,2135,2061,4133,2264,871
"L1PA8A",5103,4005,5731,4937,8523,7226,7802,9772,3385,2945,576,806,1326,1341,2444,1424,1209,2006,1141,514
"L1PB1",31842,23533,33923,31294,53002,45544,48996,62219,21506,18313,3151,4256,6579,6222,12133,6714,6463,11590,7622,2752
"L1PB2",4376,3641,5077,4674,8270,6803,6290,8867,2466,2166,446,566,895,824,1509,945,904,1642,918,369
"L1PB3",5434,4645,5858,6035,10019,8520,7681,11265,3274,2980,413,710,999,921,1929,771,778,1841,1123,431
"L1PB4",6551,5364,6888,7108,12060,10026,9408,12403,4220,3410,770,1119,1456,1459,2914,1992,2355,2665,1837,782
"L1PB",1776,1388,2226,2258,3899,2879,2877,3983,1160,837,140,209,318,298,724,572,435,689,444,133
"L1PBa1",1225,770,1231,1059,1818,1666,1969,2401,808,755,127,192,306,315,524,256,257,505,336,138
"L1PBa",5328,3849,5252,5470,8527,7750,8052,10572,3821,3036,559,883,1291,1232,2476,2823,2280,2052,1441,486
"L1PBb",402,310,453,495,740,570,543,874,209,156,15,38,31,33,87,18,22,149,39,18
"L1PREC2",9544,6732,10515,10307,17028,13179,13590,18463,5887,5366,984,1290,1969,1983,3425,2680,2413,3803,2498,851
"L2",17838,14631,19634,20246,21833,24014,28937,27718,16506,14053,6336,6657,9687,9571,12881,11421,10317,14893,11721,5494
"L2a",47021,37839,53704,54417,58694,62526,75291,71436,41705,37767,16804,18284,27529,26713,34845,33476,31765,39351,30493,14358
"L2b",21507,16399,23938,23593,24736,26644,34102,30927,18585,17940,9197,9288,14305,13758,16995,13898,12791,19331,15771,7584
"L2c",31459,25424,32849,33563,35658,40483,50115,44325,27735,26695,12397,12839,18796,18540,23331,18082,16861,25818,21858,10285
"L3",9226,7967,10586,10833,11520,12701,15356,13376,8040,8300,4601,4312,6705,6411,8491,7119,6539,8875,7875,3509
"L3b",1094,953,1166,1153,1438,1485,1743,1472,959,925,574,663,990,912,1133,1337,1130,1412,1285,436
"L5",104,94,135,140,126,148,218,157,105,74,58,40,70,59,88,59,76,119,68,25
"LOR1-int",452,438,499,515,674,731,841,676,353,346,140,122,197,213,332,189,146,377,327,86
"LOR1a",213,143,195,222,252,250,238,252,120,119,92,83,97,98,147,78,50,139,111,67
"LOR1b",223,162,342,437,427,331,388,453,155,170,86,57,129,113,161,108,99,236,115,58
"LSAU",21,28,15,43,13,23,49,22,16,53,31,8,19,17,21,5,8,25,15,22
"LTR10A",101,79,94,112,122,127,114,134,77,64,46,47,73,59,102,367,449,91,59,44
"LTR10B1",29,20,44,24,40,33,52,39,34,31,10,5,15,14,15,12,8,15,23,5
"LTR10B",15,10,10,4,10,8,7,17,8,3,4,2,13,9,5,5,1,10,6,5
"LTR10C",167,144,217,211,206,238,308,295,152,146,121,126,168,176,209,202,160,229,194,88
"LTR10D",108,86,202,171,218,156,166,197,81,55,15,8,28,25,36,103,82,58,44,15
"LTR10E",97,78,95,83,79,94,124,95,72,79,48,49,83,60,111,69,84,155,106,42
"LTR10F",138,104,144,155,199,180,186,186,98,78,35,36,51,45,108,65,96,95,58,25
"LTR10G",85,37,58,70,54,62,67,63,28,56,15,24,30,40,41,27,26,50,32,13
"LTR12",286,217,292,247,290,355,396,370,203,222,130,126,177,186,212,151,103,248,221,92
"LTR12B",41,37,72,50,73,58,140,123,50,53,12,29,46,41,38,28,28,55,35,13
"LTR12C",2460,1675,1948,1769,2446,2032,2880,3558,1290,1684,1073,845,1407,1340,1535,1091,1236,1603,1587,819
"LTR12D",219,137,174,206,266,167,450,328,94,203,56,67,103,124,145,126,106,157,136,55
"LTR12E",102,93,100,77,109,95,110,139,69,93,37,49,73,76,73,100,143,46,75,58
"LTR12F",174,123,225,221,218,189,226,260,100,115,168,189,165,184,324,126,105,230,226,146
"LTR12_",167,130,137,150,164,201,246,255,141,131,45,28,92,78,108,77,75,105,95,55
"LTR13",589,602,672,629,553,742,916,485,537,628,622,609,873,789,877,1125,1228,1025,830,470
"LTR13A",159,140,139,178,130,195,218,155,152,173,228,175,287,262,288,202,151,259,196,164
"LTR13_",48,24,29,29,16,29,38,25,23,21,12,9,17,19,16,5,6,33,15,12
"LTR14",40,37,43,42,48,58,71,52,32,44,23,15,29,25,41,20,14,40,17,11
"LTR14A",29,35,34,38,22,25,51,45,33,17,5,4,6,5,3,5,3,12,3,5
"LTR14B",165,99,124,155,135,188,212,194,115,118,40,53,84,143,114,89,61,111,96,43
"LTR14C",15,15,29,14,27,27,41,58,14,16,7,5,18,22,18,14,5,37,21,4
"LTR15",135,100,188,151,135,156,173,184,82,99,155,206,278,215,362,80,103,229,182,186
"LTR16A1",506,360,553,612,696,618,782,921,364,389,213,220,306,347,352,366,398,408,341,175
"LTR16A2",397,254,457,392,528,487,567,639,268,253,80,63,113,142,176,104,126,271,196,59
"LTR16A",1350,995,1417,1504,1815,1652,2022,2248,810,1030,337,291,505,478,535,469,448,736,458,209
"LTR16B1",298,230,298,322,398,407,436,560,199,199,95,104,159,116,182,221,199,205,123,60
"LTR16B2",325,218,290,355,433,391,457,519,213,192,71,86,147,128,152,202,162,219,163,82
"LTR16B",142,118,152,180,241,231,225,267,78,127,65,54,67,79,109,49,43,124,65,29
"LTR16C",1360,981,1466,1560,1753,1599,1897,2251,920,1011,345,347,591,561,744,541,559,1012,602,290
"LTR16D1",54,26,67,37,82,54,107,66,33,27,81,66,67,80,60,57,51,74,52,82
"LTR16D2",45,48,41,48,58,75,77,109,29,36,7,15,19,18,35,14,20,58,20,7
"LTR16D",205,193,275,236,329,253,389,415,147,189,60,63,81,64,98,80,102,159,89,57
"LTR16E1",389,245,442,499,547,460,559,708,261,274,201,188,370,301,341,251,277,429,283,166
"LTR16E2",406,285,428,467,562,466,534,657,257,251,151,156,185,176,273,198,160,338,196,138
"LTR17",348,246,375,396,401,454,407,563,229,244,106,106,141,118,212,136,206,281,169,86
"LTR18A",30,24,29,49,48,29,37,56,26,15,5,4,7,5,13,9,18,13,22,2
"LTR18B",74,34,114,84,118,73,96,153,52,55,112,95,150,94,151,71,67,96,47,60
"LTR19-int",29,46,66,61,80,97,99,92,43,58,29,34,50,64,39,41,36,61,81,22
"LTR19A",173,162,171,220,170,179,218,201,119,96,58,73,105,94,137,77,48,165,106,53
"LTR19B",99,73,124,125,165,141,160,184,90,51,38,34,49,54,55,55,69,85,58,30
"LTR19C",51,38,75,91,98,79,103,88,41,43,47,33,37,39,38,16,21,43,42,34
"LTR1",661,356,632,659,900,666,793,1145,364,418,5,8,25,22,32,8,9,52,20,13
"LTR1B",322,199,310,287,476,328,351,496,168,168,17,13,25,44,35,14,7,58,40,5
"LTR1C",70,56,96,83,103,86,132,153,60,62,10,10,26,21,21,31,34,22,29,7
"LTR1D",361,237,315,330,519,380,435,521,180,204,19,31,34,44,62,63,58,99,44,20
"LTR21A",44,36,52,33,46,54,65,55,48,43,13,31,31,27,34,43,25,26,34,24
"LTR21B",15,10,10,15,13,18,11,10,9,12,11,11,23,17,12,4,5,19,5,19
"LTR22",14,11,20,12,21,12,11,19,10,12,6,4,0,2,2,6,14,4,6,4
"LTR22A",28,23,44,38,49,51,116,79,49,59,22,43,20,23,29,15,5,46,35,24
"LTR22B",59,61,84,82,67,116,93,96,72,59,7,8,23,17,19,16,10,32,21,7
"LTR22C",91,69,72,98,143,142,125,141,69,64,4,3,7,4,12,50,35,13,10,1
"LTR23-int",41,38,60,58,50,54,63,53,30,37,13,21,23,13,21,22,9,22,22,5
"LTR23",191,166,279,300,298,273,304,345,138,112,62,63,71,94,115,123,94,167,116,26
"LTR24",109,93,125,162,118,129,201,119,88,76,52,60,84,65,111,66,40,91,74,54
"LTR24B",157,135,193,215,194,223,174,158,101,90,40,60,64,76,92,82,76,117,79,30
"LTR24C",103,76,124,124,134,143,158,164,79,70,27,25,62,40,64,86,79,70,51,17
"LTR25-int",282,229,399,392,432,439,453,471,214,213,62,63,126,102,172,107,103,188,123,48
"LTR25",124,121,201,251,175,221,307,244,114,114,76,91,79,111,135,362,313,195,134,56
"LTR26",159,103,194,195,219,145,233,259,100,114,47,46,58,64,99,35,30,86,42,40
"LTR26B",119,103,151,163,140,150,143,213,93,68,65,73,65,86,123,86,47,128,65,59
"LTR26E",81,65,108,91,100,101,89,119,46,59,25,21,41,41,41,33,36,47,47,12
"LTR27",114,74,127,134,184,146,128,205,60,65,28,25,35,38,40,49,27,69,51,12
"LTR27B",158,83,144,160,202,161,212,187,95,86,16,28,42,36,22,15,21,78,53,12
"LTR28",176,110,216,226,255,219,266,309,129,116,8,5,21,12,20,7,4,24,11,4
"LTR29",1518,834,1981,1474,946,1778,2210,2346,2623,1223,35,32,68,76,83,58,41,118,72,24
"LTR2",670,547,563,611,576,778,716,635,555,415,226,246,347,320,424,285,177,374,307,176
"LTR2B",175,107,180,171,179,184,210,175,139,87,330,381,496,327,678,320,400,473,470,289
"LTR2C",170,132,191,190,171,210,217,225,106,135,126,97,150,119,166,65,47,209,144,88
"LTR30",35,36,36,45,70,70,41,30,19,16,3,21,24,11,21,6,13,21,29,12
"LTR31",119,92,160,128,162,183,198,200,104,82,25,38,42,71,71,109,143,96,62,36
"LTR32",247,201,305,295,307,365,390,397,143,194,277,324,417,294,533,173,180,458,272,253
"LTR33",1912,1533,2242,2277,2436,2492,2987,3372,1398,1450,613,694,978,888,1170,1116,1033,1549,1057,498
"LTR33A",428,294,375,452,544,523,549,714,327,246,96,134,159,177,257,147,137,302,215,79
"LTR33A_",359,269,432,416,549,447,509,653,257,257,454,536,740,609,617,280,257,553,404,519
"LTR33B",259,178,221,256,341,290,319,356,153,146,69,66,105,96,128,82,65,198,124,44
"LTR33C",165,145,195,206,285,243,302,330,124,128,64,69,106,117,116,91,88,155,143,71
"LTR34",114,73,149,133,141,125,171,159,77,93,28,47,50,35,86,25,28,78,46,48
"LTR35",47,42,105,81,82,75,101,119,58,37,14,23,25,25,58,16,42,50,39,12
"LTR35A",33,16,44,27,49,31,47,55,14,8,2,3,7,15,15,10,28,16,10,2
"LTR35B",30,32,39,46,67,53,61,62,26,31,7,15,12,24,28,25,37,31,32,15
"LTR36",192,151,327,281,378,291,338,390,159,134,80,82,124,138,210,261,237,214,157,90
"LTR37A",338,328,375,351,459,471,483,467,282,266,95,110,176,163,198,106,132,275,208,91
"LTR37B",315,244,425,404,447,440,495,521,249,245,70,98,128,118,206,149,153,222,152,63
"LTR38-int",13,13,22,22,27,18,28,38,7,8,1,2,5,12,6,5,5,8,3,2
"LTR38",92,78,124,128,130,127,116,166,60,55,11,11,17,20,31,20,9,39,25,7
"LTR38B",84,72,97,101,90,125,101,123,49,51,4,23,15,35,29,24,17,43,36,14
"LTR38C",61,40,38,42,80,76,79,80,51,45,15,11,25,16,23,5,13,22,20,6
"LTR39-int",22,21,34,30,51,38,32,46,15,14,5,9,8,10,13,5,5,18,7,8
"LTR39",324,223,421,408,480,347,467,512,165,225,721,415,716,518,571,247,241,763,696,604
"LTR3",38,29,22,34,30,57,67,36,23,26,14,25,25,25,18,13,4,16,27,15
"LTR3A",93,42,66,73,69,89,130,79,72,91,45,41,53,56,64,45,36,74,80,16
"LTR3B",14,13,25,11,23,25,47,36,16,23,66,47,64,48,54,35,36,34,35,58
"LTR3B_",63,38,46,63,66,70,66,85,43,32,19,18,25,18,30,47,33,38,20,5
"LTR40A1",65,49,93,84,116,84,87,114,38,44,15,20,20,30,47,17,10,56,55,5
"LTR40a",425,325,430,498,630,537,558,641,280,248,106,105,216,163,256,218,200,302,205,111
"LTR40b",205,155,202,239,286,271,309,268,137,159,60,65,71,98,109,125,106,126,119,34
"LTR40c",110,107,146,154,159,161,214,202,79,116,50,49,85,58,85,71,75,81,104,40
"LTR41",563,525,727,735,834,870,813,831,467,407,106,121,154,186,230,283,247,267,231,82
"LTR41B",283,216,278,268,398,310,331,409,219,175,70,81,117,112,124,67,73,166,134,63
"LTR42",111,87,118,145,155,147,185,171,86,119,72,80,130,138,140,91,63,121,124,66
"LTR43-int",60,31,71,64,63,76,47,66,29,38,9,2,23,15,24,7,5,32,11,4
"LTR43",249,140,196,186,274,195,318,230,221,130,93,116,129,123,179,126,99,172,133,77
"LTR43B",48,27,64,73,79,77,61,88,33,20,24,11,28,45,48,21,23,48,29,11
"LTR44",63,48,80,114,84,101,90,113,43,45,5,15,14,25,31,39,33,80,29,15
"LTR45",23,25,39,47,46,37,28,51,11,15,16,11,11,14,11,4,5,25,10,7
"LTR45B",142,71,153,131,143,140,169,176,87,88,25,28,52,72,82,44,54,100,91,26
"LTR45C",122,119,206,234,220,181,179,261,101,90,35,49,85,76,104,45,48,120,82,25
"LTR46-int",50,31,67,40,83,67,62,83,21,35,127,129,142,137,137,78,113,196,150,136
"LTR46",122,70,112,120,102,121,189,158,105,105,43,41,83,65,73,30,40,63,55,29
"LTR47A",194,161,263,234,255,264,274,315,157,158,96,59,114,90,108,82,86,120,94,61
"LTR47B",87,78,100,125,115,146,155,136,108,100,5,2,2,3,3,3,0,1,2,3
"LTR48",260,201,307,336,400,335,347,463,185,149,74,70,158,124,179,112,103,263,187,38
"LTR48B",396,429,358,367,445,483,519,593,274,294,130,97,134,107,184,144,80,176,161,76
"LTR49-int",631,492,834,852,1021,971,943,1116,510,424,159,162,328,283,416,186,238,465,367,118
"LTR49",265,237,336,471,496,392,411,512,204,204,86,100,152,161,217,133,127,269,220,75
"LTR4",58,48,61,46,70,58,83,79,50,32,6,10,30,21,25,7,11,34,21,8
"LTR50",595,454,744,685,899,744,910,1079,437,458,280,319,379,406,504,224,238,540,347,238
"LTR51",126,83,151,163,174,148,195,161,84,128,34,49,55,61,93,50,46,77,68,48
"LTR52-int",101,84,127,143,150,139,153,139,54,77,33,25,24,33,43,52,44,46,45,16
"LTR52",199,116,223,251,284,274,271,326,139,120,73,96,95,118,149,133,76,181,135,55
"LTR53",198,121,196,225,269,234,309,235,133,185,96,76,134,102,128,121,123,140,129,60
"LTR54",238,167,285,290,341,291,350,363,195,176,83,57,91,94,116,85,106,180,159,57
"LTR54B",195,143,317,329,363,307,321,386,154,127,40,44,60,63,104,100,64,164,116,26
"LTR55",136,76,90,110,169,97,135,167,119,62,40,37,55,55,63,55,60,70,77,26
"LTR56",253,204,377,379,401,329,439,494,192,206,121,126,145,161,226,90,89,219,191,92
"LTR57-int",90,79,112,102,138,139,120,141,53,91,6,15,20,17,32,17,9,45,26,8
"LTR57",46,28,67,48,66,75,95,83,38,41,15,18,15,20,42,13,16,47,45,12
"LTR58",22,7,15,14,21,26,14,16,17,12,6,7,5,12,5,8,5,16,13,7
"LTR59",28,24,43,48,38,44,37,58,16,19,13,25,11,15,14,0,12,25,13,5
"LTR5",1,0,4,4,3,1,2,1,0,1,1066,937,1404,1145,1528,987,1005,1415,1410,796
"LTR5A",691,734,689,776,512,1089,1286,523,619,854,781,776,1094,881,1325,596,901,1142,1184,591
"LTR5B",443,318,408,438,375,560,766,410,333,465,279,299,446,401,489,473,368,445,435,219
"LTR60",66,55,62,75,99,80,109,112,21,46,14,4,23,16,13,0,1,10,12,6
"LTR61",90,56,123,149,107,165,134,150,132,72,39,74,80,73,108,65,78,121,84,59
"LTR62",114,91,187,146,145,191,205,192,97,93,50,46,63,65,80,102,229,84,76,42
"LTR64",172,81,142,139,161,162,189,206,120,102,41,63,77,99,122,81,78,131,113,51
"LTR65",126,111,135,143,152,153,185,165,115,111,81,60,81,62,96,60,64,110,83,44
"LTR66",69,74,81,114,74,120,150,127,59,62,17,29,19,33,60,20,8,35,55,13
"LTR67B",648,553,712,809,854,889,1031,1067,499,511,229,235,379,364,523,343,283,529,369,220
"LTR68",65,80,63,59,82,113,102,106,59,59,10,24,23,20,32,34,24,44,27,15
"LTR69",28,46,33,57,75,43,72,99,29,45,3,13,9,9,19,20,15,29,14,5
"LTR6A",271,325,251,240,208,360,493,378,311,299,1047,1019,1258,988,1904,1529,1988,840,1198,776
"LTR6B",98,71,90,90,92,122,139,97,91,62,137,126,212,147,217,79,112,231,207,123
"LTR70",73,78,96,107,75,93,92,95,47,42,40,42,45,49,81,64,55,87,78,41
"LTR71A",52,34,35,53,73,56,96,60,31,35,18,16,21,26,47,24,9,38,47,12
"LTR71B",90,62,118,125,129,98,136,162,50,64,56,68,60,54,83,13,12,77,69,39
"LTR72",111,112,94,110,84,146,152,152,118,68,28,45,57,47,86,24,25,72,47,25
"LTR72B",18,16,40,46,47,36,59,58,18,29,5,10,20,9,18,9,5,21,15,10
"LTR73",76,45,75,77,113,69,103,93,53,43,19,28,32,53,55,10,11,62,26,13
"LTR75",82,47,73,93,116,130,117,125,72,62,31,32,53,42,51,12,12,78,43,20
"LTR75B",46,44,63,72,59,54,36,75,24,25,10,7,10,7,21,14,6,35,11,12
"LTR75_1",37,34,50,53,63,83,85,70,38,32,5,8,13,14,13,20,15,34,14,4
"LTR76",166,122,228,298,273,322,319,281,155,145,104,114,146,147,219,179,192,156,225,111
"LTR77",26,29,18,29,36,57,26,45,13,30,9,12,22,17,31,4,5,16,23,8
"LTR78",910,747,1058,1089,1319,1178,1386,1443,649,625,378,426,558,556,694,777,728,949,632,381
"LTR78B",527,430,627,627,726,712,878,890,432,386,149,147,226,249,313,203,233,388,297,108
"LTR79",710,604,807,797,1005,958,1110,1176,572,603,398,398,495,458,660,425,428,602,501,329
"LTR7",641,453,657,740,597,850,771,775,389,474,518,628,861,750,902,425,511,589,517,559
"LTR7B",463,340,479,538,507,539,548,544,307,355,313,297,468,403,558,456,383,492,412,224
"LTR7C",170,143,191,216,160,255,208,165,107,146,25,33,53,50,79,116,87,82,74,37
"LTR7Y",121,85,140,113,101,116,136,124,81,97,75,62,114,81,76,27,30,72,69,59
"LTR80A",74,52,71,78,121,89,101,119,48,39,15,25,29,25,45,11,9,44,22,15
"LTR80B",99,66,87,128,122,157,144,168,46,103,26,24,21,27,45,30,13,34,25,15
"LTR81",24,28,44,42,47,33,50,62,17,34,12,15,17,15,24,5,10,25,20,5
"LTR81A",152,118,209,186,200,243,225,268,113,126,20,22,42,38,62,35,29,73,62,24
"LTR81AB",29,28,39,32,32,30,35,50,33,19,32,11,12,23,15,3,1,18,17,20
"LTR81B",252,174,301,287,299,352,392,293,223,169,73,74,123,99,146,192,227,141,138,65
"LTR81C",94,81,134,145,169,117,151,201,74,64,24,29,40,41,58,40,50,63,40,12
"LTR82A",197,158,226,291,289,265,235,266,154,136,37,40,68,58,77,76,71,128,99,35
"LTR82B",223,188,204,212,299,307,394,307,209,185,45,63,65,94,120,45,54,153,95,40
"LTR83",147,98,105,132,170,171,194,177,91,113,42,56,45,57,66,30,19,106,76,23
"LTR84a",162,129,153,173,207,199,207,217,137,116,57,60,116,88,128,162,106,149,122,51
"LTR84b",190,141,221,230,225,240,278,292,148,164,91,91,128,84,125,116,96,172,120,57
"LTR85a",287,257,376,424,402,394,435,471,202,196,55,74,140,132,156,91,117,193,150,56
"LTR85b",206,182,274,258,299,313,328,384,156,127,56,67,86,97,117,66,57,176,145,55
"LTR85c",163,146,221,228,297,235,268,291,102,137,45,36,56,65,75,45,62,114,77,35
"LTR86A1",124,129,134,140,166,153,296,242,123,144,42,37,85,77,132,40,35,107,119,50
"LTR86A2",73,59,62,77,73,85,95,78,63,62,26,33,38,42,47,54,35,54,35,24
"LTR86B1",48,36,57,59,73,49,72,88,41,34,33,22,49,28,67,19,22,52,55,25
"LTR86B2",63,54,61,58,80,89,81,91,49,48,30,25,28,32,52,17,16,39,24,20
"LTR86C",65,58,50,64,58,88,89,71,27,41,27,21,32,55,37,45,24,46,26,24
"LTR87",239,167,188,233,243,290,374,263,182,189,96,89,123,146,172,173,113,191,187,65
"LTR88a",142,66,134,133,153,128,189,190,69,101,25,29,44,42,65,25,19,66,58,23
"LTR88b",218,133,263,259,308,251,261,313,128,139,47,47,55,81,105,101,84,149,86,45
"LTR88c",112,104,130,162,200,163,191,219,71,86,39,41,80,47,83,41,38,92,65,37
"LTR89",182,134,154,143,238,190,265,249,115,124,86,66,105,107,110,45,62,141,96,55
"LTR8",1093,803,1412,1481,1561,1291,1387,1694,734,799,331,346,470,547,667,488,460,912,583,236
"LTR8A",731,550,944,946,984,928,1033,1139,483,604,209,176,301,262,304,196,188,437,294,169
"LTR90A",80,55,80,102,125,87,111,94,60,50,15,8,16,22,25,39,31,51,34,10
"LTR90B",69,66,103,109,122,102,119,111,80,59,126,93,136,99,172,34,55,113,91,110
"LTR9",683,451,706,838,958,870,966,1108,446,444,54,47,79,82,152,86,79,191,88,41
"LTR9B",337,222,429,419,488,407,516,607,201,226,52,67,79,83,144,200,209,207,136,36
"Looper",252,217,233,217,249,288,342,233,233,172,51,62,84,115,201,237,237,143,188,59
"MADE1",540,471,657,648,724,690,797,780,432,440,211,196,334,276,376,256,247,477,387,143
"MADE2",227,222,238,252,281,302,379,334,201,223,203,177,267,257,291,202,178,303,176,176
"MARNA",604,571,626,762,727,863,1121,889,558,623,259,313,459,448,533,409,357,586,478,216
"MER101-int",388,410,469,366,497,572,919,536,387,463,164,176,249,302,310,221,175,383,333,116
"MER101",69,58,111,94,117,81,107,129,54,61,11,17,26,25,31,24,25,36,31,15
"MER101B",52,40,63,71,80,68,62,106,27,17,2,7,6,4,18,27,13,37,8,3
"MER102a",633,514,934,815,759,816,1012,976,520,550,339,355,530,566,605,574,459,609,503,288
"MER102b",990,818,1344,1234,1287,1257,1602,1447,753,837,434,447,641,636,757,483,488,760,577,367
"MER102c",801,649,975,1072,1058,1142,1228,1294,690,656,213,216,328,375,412,397,403,629,462,175
"MER103C",1582,1277,1707,1858,1902,2072,2562,2075,1360,1252,582,621,1020,907,1233,1011,1081,1358,1029,502
"MER104",355,253,383,342,422,430,500,441,289,287,130,177,208,248,339,249,291,319,285,120
"MER105",163,152,158,132,137,204,247,149,120,115,62,62,96,110,115,118,90,171,117,37
"MER106A",149,145,235,188,215,203,231,235,125,104,19,26,27,58,63,45,45,89,57,22
"MER106B",156,138,207,174,233,201,243,250,121,114,75,51,83,106,181,92,86,155,116,68
"MER107",67,89,133,97,130,117,161,122,90,105,29,22,39,45,42,35,36,64,42,15
"MER110-int",76,90,114,179,190,163,162,175,74,72,35,35,62,56,96,96,77,81,70,36
"MER110",155,119,139,174,231,189,233,239,95,140,47,45,76,55,88,43,50,126,88,57
"MER110A",96,74,119,91,154,106,96,123,63,70,39,31,51,23,55,89,80,94,50,21
"MER112",900,686,921,989,958,1161,1403,1202,728,728,439,422,594,589,835,768,612,707,691,369
"MER113",835,635,1100,976,1022,1124,1227,1149,688,691,282,257,417,454,587,492,408,703,525,225
"MER113A",254,199,309,300,333,335,357,380,215,217,111,132,205,198,287,214,247,338,229,102
"MER115",505,362,583,569,651,619,680,801,305,355,139,153,247,247,269,184,160,469,308,136
"MER117",663,534,769,705,799,911,1080,912,516,503,250,280,508,473,509,291,357,642,455,169
"MER119",242,204,337,304,341,303,383,291,216,177,76,96,126,122,167,313,300,213,174,61
"MER11A",422,357,386,371,461,576,709,504,354,414,342,362,582,539,631,360,367,564,638,301
"MER11B",424,397,389,691,461,728,611,384,583,527,182,188,258,244,290,153,190,303,227,189
"MER11C",629,551,473,588,567,849,869,564,473,624,400,425,603,619,741,420,511,813,659,355
"MER11D",133,117,105,112,131,192,182,153,66,136,89,106,148,116,158,44,55,161,191,87
"MER121",149,101,177,169,203,167,192,219,97,83,20,19,55,44,65,53,41,86,45,21
"MER123",9,6,17,7,15,7,7,16,5,7,0,5,5,1,7,9,6,8,5,2
"MER124",94,92,75,116,101,130,155,134,85,110,20,25,62,53,54,39,50,56,71,31
"MER125",6,4,5,13,11,13,7,26,5,8,8,5,9,4,23,5,3,16,3,7
"MER126",33,19,64,38,51,51,55,35,34,12,39,25,35,24,24,22,38,35,22,19
"MER127",31,25,41,35,34,38,46,54,24,16,3,13,18,20,25,18,22,23,31,5
"MER129",16,17,24,22,29,24,15,10,13,14,65,82,73,68,103,213,291,27,22,54
"MER130",18,12,14,22,24,11,22,29,7,4,5,5,25,7,15,5,9,20,20,6
"MER131",44,41,56,53,71,60,83,73,25,48,59,55,71,91,156,73,56,120,117,38
"MER132",0,4,5,0,5,2,3,3,2,4,1,0,0,0,2,1,0,2,3,0
"MER133A",6,5,2,3,5,11,5,12,3,5,0,3,2,4,0,1,1,5,7,3
"MER133B",3,6,5,10,3,11,8,7,2,10,0,5,1,4,1,0,0,1,1,0
"MER134",8,1,2,2,5,1,10,7,2,2,7,5,13,6,15,0,4,9,4,4
"MER135",110,87,68,104,105,133,142,120,78,66,31,43,58,45,60,35,49,86,75,14
"MER136",5,4,0,0,0,3,4,1,1,2,2,4,5,5,4,0,3,5,8,0
"MER1A",1020,877,1177,1189,1174,1481,1711,1321,725,993,463,535,724,770,853,667,601,1034,897,464
"MER1B",1634,1159,1597,1431,1747,1929,2311,1999,1146,1338,728,711,1092,1011,1253,829,749,1435,1187,559
"MER20",3546,2512,3683,3559,3969,3992,5055,4799,2650,2674,1535,1577,2424,2345,2800,1897,1986,3526,2589,1290
"MER20B",788,653,945,1014,1033,1051,1257,1156,576,672,456,463,636,670,869,664,666,1054,959,359
"MER21-int",299,224,442,491,609,404,450,512,219,204,52,50,74,86,117,109,101,211,119,45
"MER21A",692,550,792,769,714,870,958,906,565,507,230,278,411,432,468,330,433,600,446,188
"MER21B",1039,711,1043,1094,1116,1273,1413,1312,715,707,385,364,581,584,723,586,518,899,840,260
"MER21C",1830,1244,1936,1999,2098,2171,2446,2592,1437,1313,619,639,971,939,1195,962,978,1494,1120,523
"MER2",2478,2010,2801,2773,3522,3393,3758,3870,2117,1718,850,943,1203,1165,1919,1353,1225,1845,1470,673
"MER2B",282,252,352,365,400,368,519,436,235,218,122,104,172,172,209,113,100,243,171,91
"MER30",2012,1497,3125,3039,3355,2864,3096,3485,1716,1159,434,526,629,710,1192,1707,1460,1419,925,326
"MER30B",111,88,158,179,176,132,162,194,110,60,30,35,36,39,76,107,122,89,98,15
"MER31-int",460,453,549,638,698,715,851,728,426,385,211,156,261,235,263,166,172,303,262,123
"MER31A",439,313,440,515,552,492,591,673,322,334,148,196,307,260,366,173,114,365,297,163
"MER31B",342,269,490,424,450,495,572,667,286,306,74,106,192,185,255,186,193,293,193,84
"MER33",1704,1285,1777,1695,1911,1943,2382,2041,1466,1415,801,751,1123,1091,1493,1020,990,1501,1218,575
"MER34-int",121,110,188,156,186,167,229,176,101,141,45,49,82,80,116,35,59,104,83,57
"MER34",255,196,312,319,361,321,336,387,189,181,65,68,88,103,166,81,83,158,140,55
"MER34A1",239,138,227,265,316,267,296,237,212,154,66,72,74,89,142,110,134,192,137,56
"MER34A",343,274,374,359,458,431,475,533,285,235,67,86,153,116,195,121,151,233,188,83
"MER34B-int",246,181,218,257,242,264,283,262,208,172,117,102,146,119,208,139,118,233,153,113
"MER34B",165,129,203,198,202,231,267,224,153,118,22,42,47,64,77,78,54,126,99,42
"MER34C2",109,119,161,167,155,154,137,175,71,62,34,27,70,40,55,37,25,95,45,16
"MER34C",41,28,38,41,45,37,46,36,28,22,3,8,15,4,6,13,8,11,4,7
"MER34C_",178,187,187,189,185,261,273,210,121,168,42,61,75,51,64,96,78,87,78,35
"MER34D",68,56,71,76,103,70,90,91,29,53,13,17,14,35,35,23,21,34,14,5
"MER39",790,555,818,931,1034,996,1085,1181,509,530,163,181,285,288,408,297,264,475,357,147
"MER39B",447,353,590,624,622,557,659,657,395,326,244,321,396,371,447,333,327,429,356,295
"MER3",1682,1306,1889,1973,1982,2092,2634,2245,1435,1479,831,833,1203,1252,1485,1207,1320,1827,1435,680
"MER4-int",1266,971,1586,1828,2264,1811,1853,2110,951,670,347,383,513,496,904,1237,1217,1001,917,282
"MER41-int",549,437,686,820,820,785,842,864,393,433,187,196,227,261,439,770,534,498,430,154
"MER41A",635,568,820,906,865,924,1085,1062,556,576,311,273,417,408,521,372,331,682,464,227
"MER41B",698,543,932,934,991,982,1080,1197,545,602,259,228,362,358,509,247,256,618,509,196
"MER41C",184,141,192,228,253,223,344,255,136,161,72,80,86,116,180,99,136,156,122,80
"MER41D",125,77,161,145,166,135,166,195,68,72,56,40,71,66,67,52,20,106,79,33
"MER41E",110,129,143,170,144,174,193,146,83,133,51,33,51,83,83,55,82,88,71,25
"MER41G",89,67,69,72,73,87,109,82,46,46,26,23,35,35,59,30,17,64,35,24
"MER44A",500,476,562,583,598,700,795,583,440,444,189,216,317,314,469,357,408,395,432,176
"MER44B",537,432,538,573,646,649,790,625,405,427,317,223,370,344,408,288,225,506,458,212
"MER44C",379,317,421,401,468,518,559,492,270,306,172,174,286,269,400,354,333,358,277,92
"MER44D",135,151,161,182,179,192,237,187,121,120,55,73,95,101,175,61,29,110,91,45
"MER45A",586,414,701,674,775,731,799,917,440,428,260,208,319,265,438,262,264,518,338,204
"MER45B",255,199,304,345,359,377,386,396,180,170,145,122,148,132,310,152,147,178,119,106
"MER45C",198,169,239,263,268,257,280,404,176,158,55,51,84,76,116,87,87,163,107,31
"MER45R",104,75,119,125,148,136,144,199,64,77,97,64,94,101,129,35,26,131,87,66
"MER46C",505,452,603,611,639,685,898,712,472,459,407,448,658,586,799,563,528,652,760,341
"MER47A",620,490,646,642,718,716,848,725,515,510,273,300,369,369,452,289,289,469,477,175
"MER47B",190,197,184,221,284,267,304,260,136,187,60,56,90,96,105,90,119,128,105,36
"MER47C",85,59,109,70,80,100,127,93,75,65,42,19,47,51,45,47,32,64,57,23
"MER48",63,26,46,59,60,58,76,60,40,30,6,3,15,10,13,21,4,24,17,11
"MER49",527,353,591,652,662,639,768,675,359,423,232,240,337,351,523,268,293,438,361,206
"MER4A1",620,406,734,1170,730,736,839,1100,428,430,281,250,432,384,515,371,391,631,509,231
"MER4A1_",152,101,213,235,278,233,241,313,126,102,41,32,52,77,101,53,56,117,70,24
"MER4A",428,307,534,549,586,488,598,699,321,333,120,98,216,186,216,166,165,300,302,120
"MER4B-int",411,313,568,647,775,586,642,777,334,257,45,62,90,109,222,222,176,227,154,46
"MER4B",493,368,668,696,699,681,712,773,293,352,151,159,280,237,336,321,326,432,290,138
"MER4C",349,279,512,472,584,481,593,685,340,245,62,65,85,97,157,258,214,163,104,52
"MER4D0",100,82,131,142,174,123,174,159,83,94,69,63,86,83,129,48,74,93,75,40
"MER4D1",526,368,557,606,565,616,729,652,310,354,229,235,371,347,445,278,259,513,365,206
"MER4D",349,261,498,548,506,527,638,687,294,318,124,133,172,164,242,142,111,347,208,86
"MER4E1",351,232,463,379,434,410,516,532,255,345,136,115,194,156,219,135,148,287,246,88
"MER4E",291,251,300,258,279,383,396,374,228,189,103,86,136,143,200,146,127,202,152,59
"MER50-int",167,97,196,234,251,206,233,305,100,127,33,30,55,46,82,45,40,102,41,20
"MER50",849,623,1000,1106,1300,1156,1276,1515,633,642,275,257,378,388,543,385,369,659,384,231
"MER50B",228,202,295,353,404,283,338,403,175,155,60,66,84,75,168,105,89,166,92,30
"MER50C",32,12,35,31,43,41,40,42,18,15,3,4,18,12,10,5,1,17,8,2
"MER51-int",258,177,326,349,482,361,371,379,234,190,45,45,58,61,107,129,165,129,83,19
"MER51A",404,381,453,504,407,613,593,496,316,335,105,128,173,143,241,163,150,315,239,91
"MER51B",143,105,177,191,184,184,198,244,115,86,62,61,76,76,103,48,61,106,84,40
"MER51C",102,58,117,97,101,132,161,164,112,65,20,26,43,44,43,45,40,68,43,33
"MER51D",50,35,95,82,98,84,98,106,52,41,12,13,27,30,28,8,17,51,18,7
"MER51E",89,62,86,99,80,99,115,113,48,73,48,35,69,47,65,32,32,74,75,29
"MER52-int",167,100,300,242,357,267,227,389,82,101,17,15,23,38,74,42,80,121,41,15
"MER52A",981,562,776,637,954,979,1264,1383,459,678,233,263,369,328,404,502,465,489,376,168
"MER52C",245,163,123,120,172,232,232,296,119,158,70,52,107,94,137,64,59,134,120,50
"MER52D",355,149,244,177,314,271,386,413,180,198,154,75,190,175,156,90,96,165,150,62
"MER53",642,418,858,728,837,793,937,913,455,467,285,270,426,429,459,279,298,663,491,280
"MER54A",194,180,238,262,255,269,359,359,140,206,117,61,129,100,161,116,66,196,169,112
"MER54B",89,112,101,122,130,127,124,168,44,53,38,34,55,62,70,53,47,83,48,24
"MER57-int",371,356,491,512,582,593,695,583,347,304,107,130,203,156,308,213,210,327,227,77
"MER57A-int",488,444,583,584,779,697,751,691,348,336,277,208,275,215,334,166,169,428,416,191
"MER57A1",273,239,356,397,484,421,509,524,216,198,52,96,119,132,223,237,240,233,135,58
"MER57B1",247,190,249,322,347,328,343,362,212,162,45,83,75,105,133,154,144,156,106,38
"MER57B2",236,168,350,337,366,309,400,392,194,166,61,68,127,111,188,152,109,186,122,73
"MER57C1",64,60,69,83,67,61,78,93,36,58,18,29,48,30,60,33,22,45,38,29
"MER57C2",77,60,108,137,138,116,123,138,56,54,19,17,37,30,43,45,19,70,28,18
"MER57D",155,154,191,183,209,224,209,172,112,64,29,32,40,48,114,69,61,104,76,29
"MER57E1",148,117,194,316,240,268,211,194,138,169,46,76,83,72,96,23,45,93,42,61
"MER57E2",16,10,10,11,13,11,23,23,13,9,2,5,11,6,5,4,3,11,11,1
"MER57E3",83,32,114,125,89,53,102,124,55,69,23,17,36,45,46,40,20,96,65,21
"MER57F",131,148,161,240,167,273,248,194,137,165,26,21,25,32,57,69,49,71,47,21
"MER58A",2639,2044,2776,2897,3219,3214,3809,3412,2098,2045,1581,1605,2331,2054,2834,1588,1704,2831,2453,1324
"MER58B",1519,1290,1775,1849,1828,2001,2363,2110,1405,1230,1022,968,1506,1177,1787,1053,1163,1696,1599,818
"MER58C",581,467,797,836,877,811,869,872,472,430,182,196,308,297,461,388,404,549,394,116
"MER58D",180,139,161,172,218,237,254,231,150,131,116,88,138,139,182,68,96,181,142,98
"MER5A1",2650,2154,3213,3338,3244,3485,3944,3679,2057,2106,1071,1061,1515,1463,1921,1563,1530,2333,1858,793
"MER5A",5848,4679,6601,6713,7504,7579,8958,8294,4603,4862,2715,2537,3992,3878,4868,4015,3693,5545,4385,2211
"MER5B",4268,3535,5379,5525,5829,5605,6759,6405,3422,3535,1947,2014,2938,2636,3650,2965,2764,4058,3089,1636
"MER5C1",119,111,109,108,153,143,181,153,89,94,51,68,79,71,112,55,63,131,97,31
"MER5C",302,216,348,329,400,395,458,432,264,197,94,119,177,162,218,185,174,249,180,89
"MER61-int",759,652,1032,1002,1270,1210,1476,1380,675,767,313,417,557,587,849,1367,1314,843,584,336
"MER61A",195,121,243,242,341,244,284,351,110,136,99,53,86,96,138,104,58,136,91,43
"MER61B",268,205,360,399,525,401,374,480,175,147,10,36,46,53,97,108,99,151,45,23
"MER61C",141,137,273,317,357,308,239,383,96,98,35,54,72,48,97,369,455,146,94,25
"MER61D",76,73,90,93,111,109,113,108,52,82,45,22,35,25,65,22,43,66,42,16
"MER61E",70,62,86,125,136,129,126,113,44,62,33,61,82,75,64,28,29,109,69,45
"MER61F",47,42,80,92,102,63,73,103,37,37,12,22,32,47,47,89,59,45,38,18
"MER63A",593,422,752,729,840,729,903,902,431,426,251,241,367,347,418,307,307,543,346,222
"MER63B",415,433,559,525,604,638,737,665,366,403,185,154,258,243,310,177,222,341,276,130
"MER63C",202,156,189,239,237,278,394,310,180,221,129,130,178,176,228,121,96,186,155,76
"MER63D",259,173,263,262,297,287,333,323,165,181,73,75,143,138,190,127,138,217,173,66
"MER65-int",319,292,370,396,521,444,569,654,308,214,78,76,152,113,212,166,144,216,133,64
"MER65A",467,448,841,846,1096,872,888,1050,370,382,120,135,159,143,301,156,145,418,220,92
"MER65B",49,37,60,67,76,61,88,74,26,36,8,15,33,17,27,8,8,38,17,14
"MER65C",122,116,145,168,189,152,187,226,128,98,41,44,82,58,94,108,114,109,85,35
"MER65D",89,71,120,127,153,125,181,191,97,114,100,96,143,108,136,83,54,134,126,64
"MER66-int",295,161,411,358,480,383,423,531,184,194,88,86,148,126,167,127,107,176,144,57
"MER66A",82,51,88,76,97,115,81,123,50,58,33,23,37,31,49,32,32,62,62,13
"MER66B",312,220,432,433,500,400,545,646,222,262,153,100,237,190,248,87,122,302,188,108
"MER66C",136,92,180,231,242,197,194,222,87,101,32,40,60,46,60,55,78,130,76,24
"MER66D",57,41,60,66,78,57,72,111,33,37,8,5,17,14,18,21,16,45,30,5
"MER67A",164,98,141,155,133,197,175,150,134,107,60,33,55,64,69,70,44,111,87,23
"MER67B",169,124,179,176,192,207,215,190,113,132,141,114,217,167,164,91,75,199,171,110
"MER67C",341,249,437,484,557,477,593,608,273,333,386,388,707,396,562,141,118,241,197,399
"MER67D",336,223,271,406,536,415,472,410,251,227,59,65,78,72,162,600,481,182,88,58
"MER68-int",445,410,437,355,321,577,634,413,307,464,77,39,83,87,124,53,62,108,111,60
"MER68",755,625,737,750,669,1027,1326,934,618,807,426,443,678,533,751,434,387,696,532,404
"MER68B",235,222,294,310,277,346,342,277,200,198,78,96,123,126,168,93,107,168,162,55
"MER6",287,217,278,332,362,381,419,406,233,203,61,88,110,110,181,173,224,200,161,73
"MER6A",345,259,386,437,462,444,517,515,344,287,116,112,246,186,246,181,170,288,223,89
"MER6B",98,79,119,98,103,115,147,107,90,88,40,29,57,43,78,45,36,83,73,11
"MER6C",19,8,12,14,22,25,23,16,8,10,5,16,11,5,19,9,9,15,14,8
"MER70-int",86,57,95,89,95,77,106,137,49,54,25,21,28,16,35,19,22,80,43,12
"MER70A",121,109,123,151,190,142,188,226,89,70,24,27,35,36,72,72,78,66,45,25
"MER70B",84,43,83,93,117,81,104,122,48,32,35,45,81,89,84,35,74,83,55,26
"MER70C",65,70,79,87,87,99,120,97,34,46,26,20,14,26,50,22,17,46,45,14
"MER72",258,182,286,291,327,361,447,363,192,235,66,67,86,105,137,56,75,172,123,57
"MER72B",48,36,58,74,76,57,74,77,33,33,15,16,18,15,29,4,3,27,11,7
"MER73",78,37,96,111,136,75,97,157,46,27,10,16,32,24,30,15,18,55,38,15
"MER74A",503,423,551,555,661,649,695,820,393,418,128,174,287,232,245,253,220,367,257,112
"MER74B",259,184,285,304,308,327,481,392,196,264,761,554,862,616,779,232,224,871,774,585
"MER74C",56,29,60,55,74,54,76,87,37,29,9,7,28,21,38,11,8,35,14,4
"MER75",112,86,103,133,126,146,237,178,97,107,42,41,64,60,94,61,46,102,97,27
"MER75A",9,6,16,19,22,27,14,14,10,7,3,9,5,6,5,11,14,11,5,3
"MER75B",15,6,15,14,17,15,23,27,6,18,7,2,12,11,12,0,2,19,11,17
"MER76-int",44,24,51,46,40,53,38,37,17,11,4,2,5,6,3,5,2,29,11,1
"MER76",150,127,183,185,228,173,208,239,92,81,29,34,62,52,89,67,39,113,66,29
"MER77",480,357,513,539,610,633,693,729,391,392,211,247,294,280,357,214,213,418,376,173
"MER77B",320,264,368,393,472,466,542,600,262,267,116,132,178,161,271,270,296,271,216,96
"MER81",460,293,469,467,553,463,659,622,283,287,136,125,213,201,252,165,137,312,222,105
"MER83",149,124,201,168,199,173,242,260,115,111,64,74,108,110,106,56,45,127,112,46
"MER83A-int",31,12,41,30,51,37,41,46,10,14,7,9,16,17,15,7,14,22,27,5
"MER83B-int",54,33,57,70,81,60,58,75,23,20,7,10,12,21,25,6,5,34,32,6
"MER83B",43,76,80,78,70,74,119,73,40,55,40,47,81,96,61,45,37,140,86,22
"MER83C",35,40,46,54,49,53,46,71,31,20,7,7,8,18,17,35,45,20,17,6
"MER84-int",38,30,49,30,51,39,48,78,30,16,1,5,4,3,15,39,26,21,11,4
"MER84",65,45,69,98,104,106,105,141,56,51,58,65,77,71,86,107,102,96,76,51
"MER85",117,88,147,114,149,138,167,163,108,99,57,46,94,95,106,59,76,93,127,37
"MER87",45,28,62,57,70,52,52,74,27,29,5,8,4,11,12,22,10,36,22,8
"MER87B",67,53,113,98,132,61,144,83,67,78,8,8,17,18,31,25,47,36,31,9
"MER88",11,12,17,26,30,33,38,57,15,14,44,25,57,38,62,8,10,32,33,30
"MER89-int",160,112,184,204,253,192,214,261,110,85,25,35,61,55,86,45,39,147,77,25
"MER89",335,321,405,437,428,474,519,513,304,287,90,98,153,142,188,110,75,219,143,92
"MER8",369,343,427,394,463,496,592,499,294,303,230,235,337,292,455,293,347,418,459,196
"MER90",193,174,241,262,351,268,277,323,156,118,117,106,185,127,255,106,152,242,181,76
"MER90a",355,245,432,489,508,501,599,489,302,284,141,147,201,205,250,139,149,257,214,115
"MER91A",668,526,727,760,793,839,1034,898,528,616,284,300,408,376,427,307,401,587,405,223
"MER91B",234,219,256,252,281,315,396,306,218,244,114,99,176,161,186,159,123,237,218,92
"MER91C",179,139,205,179,224,255,321,271,123,167,106,99,207,203,134,70,81,196,186,96
"MER92A",25,15,26,32,49,45,43,56,19,13,8,4,5,6,18,9,9,20,13,4
"MER92B",246,190,296,297,352,308,350,387,163,137,70,96,169,132,208,108,98,190,179,70
"MER92C",34,34,40,48,64,62,62,75,20,24,5,12,12,9,10,5,9,24,18,2
"MER94",639,550,662,695,738,766,910,838,492,517,274,288,454,363,502,347,316,536,455,209
"MER94B",88,74,71,83,89,110,107,106,89,69,45,84,91,82,116,52,36,82,80,54
"MER95",47,34,47,49,55,44,54,69,32,34,10,23,19,25,21,4,9,23,33,8
"MER96",159,133,168,189,226,222,274,253,99,124,56,62,81,101,70,52,87,137,108,35
"MER96B",324,275,501,397,468,437,443,477,233,217,123,106,204,177,214,181,214,258,154,97
"MER97a",36,35,75,57,78,56,44,70,38,34,12,5,31,9,31,17,21,36,11,8
"MER97b",33,16,35,47,35,37,53,54,26,21,7,3,6,8,18,5,5,19,14,1
"MER97c",51,47,42,59,45,63,83,70,35,32,10,9,11,10,31,8,6,22,7,10
"MER97d",24,29,32,31,25,50,41,23,28,31,5,16,12,7,18,7,11,21,11,15
"MER99",39,43,60,51,63,82,75,77,43,48,40,41,56,49,78,51,43,85,79,31
"MER9B",14,16,28,20,2,15,14,13,10,13,0,2,1,5,5,0,0,2,7,0
"MER9a1",89,151,122,150,139,134,167,121,96,88,61,43,80,82,115,96,81,99,103,47
"MER9a2",118,90,85,106,123,159,203,132,94,132,75,76,107,89,124,64,82,85,125,45
"MER9a3",201,151,206,189,192,237,354,234,132,183,78,105,145,156,155,94,83,158,221,85
"MERX",75,80,63,66,78,94,129,123,54,54,84,124,225,134,203,47,27,144,334,142
"MIR3",14580,11534,16088,16107,16620,17489,21641,19236,11400,11966,7818,7470,11447,10666,12953,9587,9209,14469,12030,6487
"MIR",29266,23371,31855,32088,33850,36062,44193,38979,23736,23810,12701,13070,19944,19455,24162,18892,18279,28314,23416,10044
"MIRb",37197,29841,42307,40650,42979,46263,57987,49754,30399,31844,17627,17367,27414,27053,32200,23189,22404,38238,31082,13953
"MIRc",16596,13305,18214,18131,18807,20377,26010,22487,13976,14379,9371,8818,13791,12652,15681,10624,10112,17473,14060,7547
"MLT-int",73,42,68,91,107,82,113,132,56,55,12,11,25,16,22,19,14,46,25,12
"MLT1-int",33,26,37,45,47,68,74,84,44,20,33,19,34,31,53,16,25,49,45,13
"MLT1A-int",118,99,133,167,175,176,226,227,108,92,35,42,58,57,80,67,42,92,83,21
"MLT1A0-int",265,213,274,299,396,318,430,424,205,168,86,96,120,110,145,79,69,197,160,60
"MLT1A0",4469,3566,5094,5300,5976,5697,6525,7004,3282,3181,1686,1878,2592,2647,3598,2412,2435,4043,2977,1429
"MLT1A1-int",189,167,193,201,228,260,249,296,96,139,64,72,93,80,117,45,49,136,87,54
"MLT1A1",1568,1229,1636,1732,2042,1944,2207,2257,1075,1122,521,546,860,778,1187,709,675,1206,878,471
"MLT1A",1996,1578,2059,2178,2615,2436,2977,2971,1308,1449,818,832,1164,1180,1573,967,988,1744,1304,640
"MLT1B-int",177,141,186,221,251,246,254,224,197,141,28,50,71,49,84,228,176,116,95,36
"MLT1B",4359,3353,5180,5437,6029,5924,6408,6939,3246,3316,1416,1456,2074,2102,2962,2210,2083,3773,2441,1148
"MLT1C-int",127,77,133,137,154,128,159,171,116,74,3,4,6,7,14,5,6,15,5,3
"MLT1C",5257,3741,6601,6601,7221,6582,7550,8856,3889,3787,770,735,1028,1014,1322,800,931,1755,1161,619
"MLT1D-int",181,166,218,284,279,278,358,322,160,163,61,57,106,101,97,136,81,136,118,37
"MLT1D",5698,4234,6518,6962,7428,7067,8057,8841,4336,4246,1576,1637,2453,2278,3220,2529,2184,3965,2693,1298
"MLT1E-int",0,0,4,2,6,2,4,3,1,1,0,0,0,0,0,0,0,0,0,0
"MLT1E1-int",1,0,3,5,14,1,2,8,2,0,0,0,2,0,0,0,0,4,0,0
"MLT1E1",237,206,255,295,357,313,393,362,202,200,61,67,122,101,156,263,233,201,146,48
"MLT1E1A-int",11,18,19,19,29,27,22,24,16,12,2,9,9,4,25,18,10,19,15,6
"MLT1E1A",811,678,914,1065,1202,1090,1204,1339,576,604,236,266,399,330,586,387,404,685,468,210
"MLT1E2-int",70,73,71,128,72,101,92,71,57,64,14,7,15,19,30,8,17,46,43,8
"MLT1E2",1019,848,1283,1446,1617,1464,1613,1740,802,749,326,302,488,491,665,763,610,814,619,279
"MLT1E3-int",19,22,16,28,27,21,38,21,16,22,10,18,37,33,45,35,14,31,28,22
"MLT1E3",410,270,485,544,622,511,611,663,265,262,203,206,301,256,366,237,271,407,275,157
"MLT1E",185,152,213,226,269,290,306,345,124,124,59,45,77,75,143,63,58,146,118,47
"MLT1F-int",148,142,197,230,245,225,301,240,138,125,77,63,120,105,125,72,97,151,121,76
"MLT1F1-int",66,36,57,42,78,65,97,54,32,35,20,17,29,22,28,17,39,62,41,10
"MLT1F1",744,609,825,848,860,930,1037,1035,503,598,346,323,516,527,610,421,373,637,582,233
"MLT1F2-int",164,149,210,218,245,280,224,170,133,127,38,25,48,35,74,55,25,74,76,30
"MLT1F2",1470,1197,1622,1795,1850,1983,2273,2125,989,1148,670,690,1007,859,1181,791,876,1455,1127,566
"MLT1F",1326,1060,1314,1572,1495,1571,1867,1706,1067,1094,441,426,688,605,830,558,629,982,749,408
"MLT1G-int",38,51,68,67,77,77,78,86,37,37,34,19,46,53,46,51,22,55,52,15
"MLT1G1-int",52,46,73,110,130,118,99,113,36,37,4,8,37,34,29,25,26,79,32,10
"MLT1G1",846,710,832,967,992,1085,1234,1109,645,673,313,322,436,398,624,487,491,746,541,297
"MLT1G3-int",115,73,73,121,155,117,94,120,58,51,26,17,36,33,40,11,10,45,34,16
"MLT1G3",660,556,737,824,884,877,1071,932,510,530,287,225,337,281,405,303,219,499,358,219
"MLT1G",651,448,668,785,885,768,1093,1067,489,574,292,255,378,432,436,267,261,543,437,219
"MLT1H-int",178,118,226,266,305,218,224,323,107,101,56,86,114,103,157,82,82,186,130,43
"MLT1H1-int",152,77,268,235,205,200,249,282,93,74,103,149,173,202,317,1222,1099,398,337,72
"MLT1H1",927,694,1041,1022,1141,1118,1253,1282,617,535,358,389,541,529,645,578,523,716,540,297
"MLT1H2-int",95,58,112,111,148,134,153,147,67,74,22,12,15,34,37,38,44,54,42,5
"MLT1H2",779,586,932,984,1017,972,1229,1230,583,640,330,331,522,508,643,398,331,823,584,327
"MLT1H",2083,1657,2321,2558,2530,2626,2843,2892,1426,1441,896,861,1187,1133,1529,1361,1140,1939,1431,718
"MLT1I-int",168,121,190,210,277,236,258,252,124,94,43,41,63,75,87,40,67,97,70,27
"MLT1I",1722,1290,1954,1961,2248,2165,2471,2688,1260,1378,712,726,1016,1072,1304,837,798,1488,1280,586
"MLT1J-int",324,201,384,440,484,407,435,516,227,193,142,119,192,141,241,114,112,258,208,100
"MLT1J1-int",181,137,193,202,281,230,269,269,111,115,42,41,45,36,102,227,186,111,65,28
"MLT1J1",692,529,789,801,907,990,1190,1141,514,618,269,299,446,406,558,328,303,594,442,280
"MLT1J2-int",133,143,191,171,231,199,285,253,95,113,17,29,61,54,107,37,35,99,65,22
"MLT1J2",1129,892,1299,1419,1527,1414,1730,1759,780,873,378,396,557,475,710,440,420,868,581,270
"MLT1J",3596,2602,4096,4052,4450,4363,5251,5136,2935,2718,1389,1386,2080,1965,2672,1769,1826,2820,2363,1175
"MLT1K-int",32,7,47,29,29,18,51,45,21,14,2,4,6,15,12,2,7,13,7,5
"MLT1K",3801,2797,4755,4410,5024,4972,5702,6124,2706,2735,1178,1269,1865,2028,2569,1847,1888,3246,2144,938
"MLT1L-int",14,19,18,28,26,20,25,25,9,6,8,5,11,3,7,5,7,11,4,5
"MLT1L",2417,1905,2755,3147,3090,3103,3539,3449,1679,1650,921,842,1339,1076,1643,1316,1186,2001,1459,772
"MLT1M-int",0,0,0,0,0,0,1,0,0,0,0,0,0,0,0,0,0,0,0,0
"MLT1M",493,363,572,571,634,630,689,769,352,314,204,202,242,222,381,303,288,394,359,202
"MLT1N2-int",12,8,24,20,23,16,18,18,9,5,1,2,1,5,9,7,4,5,6,1
"MLT1N2",1054,743,1227,1171,1500,1392,1684,1684,804,757,249,276,423,384,504,432,436,660,482,256
"MLT2A1",608,454,500,610,706,679,807,825,366,429,152,186,247,278,380,195,180,414,359,152
"MLT2A2",825,649,797,848,1128,955,1189,1331,500,626,268,269,423,393,529,378,409,578,523,189
"MLT2B1",580,479,695,713,894,805,906,1074,434,444,234,214,320,304,492,336,335,550,370,178
"MLT2B2",362,266,409,465,567,450,520,616,243,258,237,226,281,322,386,188,223,341,246,236
"MLT2B3",1135,787,876,1106,1319,1207,1378,1322,768,751,345,365,466,438,561,435,449,678,468,231
"MLT2B4",806,662,866,924,1058,1042,1194,1258,568,640,308,303,468,415,627,386,303,669,559,261
"MLT2B5",53,44,39,57,71,75,93,69,25,57,27,26,26,29,37,15,15,45,46,14
"MLT2C1",412,301,415,455,515,471,641,567,269,355,147,188,274,312,388,190,171,431,218,161
"MLT2C2",204,203,267,291,296,304,382,322,174,167,62,69,71,79,146,84,87,131,86,45
"MLT2D",847,698,1027,1077,1112,1074,1244,1250,635,620,215,254,441,357,447,287,327,600,428,181
"MLT2E",116,65,94,113,129,162,197,161,82,100,19,15,40,36,49,13,6,51,40,16
"MLT2F",384,281,378,431,492,494,541,574,248,301,202,168,243,188,197,208,169,310,226,130
"MSR1",91,105,101,84,65,175,112,120,77,98,86,85,98,164,110,35,55,120,104,66
"MST-int",798,641,848,1047,894,1008,866,450,681,550,31,26,41,30,43,17,34,48,42,15
"MSTA-int",1424,1159,1470,1707,1640,1849,2304,1848,810,1470,905,771,1087,886,1286,670,637,1384,1032,725
"MSTA",4983,3834,5635,6105,6762,6862,7371,8374,3510,3952,2135,2159,3174,2824,3890,2481,2467,4137,2908,1988
"MSTB-int",382,212,377,439,484,401,429,524,226,211,159,149,247,218,253,116,116,343,270,153
"MSTB1-int",112,74,98,94,148,106,148,164,72,84,20,24,27,34,56,21,17,35,40,15
"MSTB1",1312,1025,1511,1618,1830,1646,2002,2296,965,1042,376,357,529,518,757,472,476,963,719,256
"MSTB2-int",52,18,50,51,53,34,39,66,19,18,2,7,14,9,14,12,7,39,5,7
"MSTB2",392,308,377,489,515,510,598,660,283,303,114,126,179,216,235,179,176,343,256,91
"MSTB",2122,1537,2578,2790,3014,2619,3209,3822,1592,1633,784,810,1215,1190,1446,907,924,2031,1283,619
"MSTC-int",109,92,101,115,121,141,185,216,96,83,40,36,55,40,73,85,42,85,55,16
"MSTC",928,669,978,1182,1222,1144,1177,1212,692,705,319,299,448,442,546,530,570,690,543,230
"MSTD-int",297,193,340,294,392,311,498,475,206,194,86,69,142,124,186,95,112,194,166,72
"MSTD",1612,1286,1757,1915,2048,2129,2378,2648,1059,1312,587,584,853,845,1157,662,641,1295,1011,444
"MamGyp-int",126,121,94,115,67,145,138,99,49,133,438,292,423,357,301,28,47,436,378,383
"MamGypLTR1a",240,209,242,232,264,277,314,349,172,192,65,64,107,74,156,72,69,131,109,52
"MamGypLTR1b",211,203,198,235,282,274,354,320,142,155,54,76,108,120,126,44,46,166,125,57
"MamGypLTR1c",163,108,189,196,275,196,212,294,92,91,46,52,68,78,106,77,42,157,72,35
"MamGypLTR1d",127,88,146,139,163,150,177,173,93,96,49,45,74,64,74,53,64,96,86,43
"MamGypLTR2b",77,85,112,93,121,95,139,175,54,89,65,45,90,65,99,45,27,94,38,37
"MamGypLTR2c",151,113,171,179,205,176,168,266,74,88,37,37,61,76,86,72,58,126,64,26
"MamGypLTR3",155,120,232,215,227,204,283,306,91,107,45,45,40,66,67,41,50,103,63,23
"MamRep137",468,384,547,605,677,658,845,745,420,425,226,238,344,315,478,483,471,453,427,176
"MamRep1527",181,133,169,199,223,231,206,252,80,77,65,60,53,66,114,67,43,155,79,42
"MamRep1879",233,149,296,259,324,315,332,335,168,159,73,60,101,114,146,136,139,189,127,60
"MamRep1894",85,61,73,60,83,91,91,116,69,76,24,19,24,31,57,23,37,40,43,21
"MamRep38",519,379,488,486,493,544,696,681,358,369,174,157,270,258,312,196,171,417,273,116
"MamRep4096",157,119,250,197,209,184,219,251,93,123,51,64,61,95,109,121,111,173,96,48
"MamRep434",368,332,332,399,396,446,489,408,293,263,178,152,242,214,358,178,161,298,326,120
"MamRep488",89,57,90,85,107,100,104,120,47,46,40,55,62,77,88,25,59,86,65,48
"MamRep564",196,109,220,170,248,200,254,226,181,162,36,33,49,60,79,126,141,105,78,22
"MamRep605",732,660,798,839,962,967,1298,1130,607,739,298,262,442,350,500,321,342,613,527,255
"Mam_R4",99,98,122,127,133,142,167,129,75,85,33,29,67,65,89,36,57,57,59,26
"Merlin1_HS",5,13,10,9,6,12,11,6,2,12,5,2,6,9,2,13,4,7,13,6
"ORSL-2a",66,49,121,89,86,79,102,107,67,53,47,31,75,48,73,50,61,60,61,34
"ORSL-2b",134,88,153,148,171,170,176,158,113,93,50,35,85,57,101,45,32,112,80,35
"ORSL",221,158,249,243,246,246,343,336,143,185,220,235,280,257,339,281,347,269,243,200
"PABL_A-int",137,93,157,150,184,135,191,183,104,88,54,43,43,73,67,35,56,91,129,22
"PABL_A",148,99,204,229,250,221,228,229,121,110,53,63,93,79,97,59,67,111,128,35
"PABL_B-int",79,56,128,105,147,107,151,192,53,67,15,23,37,37,45,75,45,53,36,10
"PABL_B",160,150,183,169,157,203,318,195,158,134,86,55,110,72,117,126,120,117,150,55
"PRIMA4-int",233,180,262,346,319,330,364,415,176,188,84,79,116,106,116,38,44,119,132,65
"PRIMA41-int",163,86,163,196,215,155,271,251,112,98,80,86,169,155,168,81,87,264,245,62
"PRIMA4_LTR",116,101,141,175,174,180,141,187,109,74,28,35,51,57,71,86,65,95,55,25
"PRIMAX-int",134,91,160,184,206,166,192,235,114,66,2,2,5,1,10,0,8,5,4,1
"Plat_L3",754,681,779,738,927,1064,1341,994,657,662,257,296,421,398,483,402,363,538,415,219
"PrimLTR79",19,19,39,31,38,27,30,41,12,11,3,16,20,18,19,22,15,59,32,9
"REP522",116,54,110,82,127,129,324,231,52,138,19,22,39,55,28,13,15,53,51,34
"Ricksha",188,175,175,185,277,265,260,284,200,119,51,30,65,80,108,234,158,115,64,39
"Ricksha_0",202,165,295,339,432,345,293,322,142,144,45,25,48,55,93,127,176,131,79,27
"Ricksha_a",22,22,58,41,40,52,50,46,26,15,2,0,6,6,8,7,10,15,7,2
"Ricksha_b",81,75,101,110,89,132,136,58,58,60,33,40,54,49,50,25,20,70,55,25
"Ricksha_c",172,93,158,159,268,224,248,269,111,129,65,61,50,66,85,39,54,141,121,55
"SAR",0,0,0,0,0,0,0,0,0,0,0,0,1,3,0,0,0,2,3,0
"SATR1",78,42,87,56,70,76,105,114,41,162,315,257,499,534,455,311,281,683,944,205
"SATR2",19,10,20,19,34,26,34,21,13,14,40,40,48,45,30,14,15,65,85,38
"SST1",347,282,282,223,171,401,443,211,238,454,619,409,721,569,620,161,168,590,700,539
"SVA_A",707,421,716,696,784,845,935,1240,473,512,627,468,857,781,1014,682,661,883,612,576
"SVA_B",1564,941,1541,1463,1811,1484,1469,2342,1021,867,425,436,714,582,848,741,693,1093,738,402
"SVA_C",1176,614,1343,1180,1263,1042,1350,1592,775,601,384,341,537,530,585,785,842,748,672,315
"SVA_D",5195,3216,5660,5165,4744,4551,6818,7475,3583,3984,4257,2895,5992,6033,6530,5020,4977,5526,5491,3721
"TAR1",169,90,139,114,119,131,140,258,71,118,106,94,125,136,91,34,33,126,130,83
"THE1-int",72,42,52,60,66,66,92,115,49,52,43,28,43,54,61,37,19,65,60,16
"THE1A-int",713,535,628,661,662,804,1014,736,442,618,506,423,680,578,724,222,191,684,658,397
"THE1A",695,525,736,807,895,895,1072,1105,544,572,284,327,449,486,675,310,345,605,475,297
"THE1B-int",1932,1280,1628,1856,1964,2105,2547,2171,1167,1554,1124,1153,1666,1475,1856,758,800,1684,1605,910
"THE1B",4546,3396,4654,5317,6002,5768,6653,7084,3200,3446,1694,1940,2657,2562,3602,2488,2273,3840,2925,1473
"THE1C-int",544,436,444,523,622,645,938,790,316,647,222,251,353,309,367,191,190,441,380,151
"THE1C",1850,1418,1843,1900,2228,2302,2669,2666,1223,1311,710,714,1070,971,1411,881,893,1521,1162,530
"THE1D-int",707,472,605,698,741,754,941,912,340,616,319,322,465,420,588,285,297,609,499,284
"THE1D",2577,1965,2589,2892,3378,3232,3907,4129,1904,2032,930,1081,1389,1415,1954,1544,1411,2244,1671,767
"Tigger10",219,176,276,270,270,328,377,330,189,188,107,150,194,191,279,200,186,307,280,135
"Tigger11a",130,129,152,146,206,235,260,166,113,128,35,44,67,57,122,133,114,70,86,33
"Tigger12",191,137,264,198,133,257,290,303,279,148,87,87,118,127,142,141,91,139,121,70
"Tigger12A",132,109,139,137,165,176,245,155,154,92,53,45,86,72,86,112,103,146,156,27
"Tigger12c",209,144,238,220,230,298,309,299,203,175,81,87,112,148,120,82,86,140,162,77
"Tigger13a",840,678,949,973,1086,1229,1457,1143,807,725,327,368,468,446,717,515,538,615,546,292
"Tigger14a",189,136,223,215,214,233,308,222,163,197,106,125,158,176,177,216,267,205,195,76
"Tigger15a",1225,1047,1381,1538,1625,1766,2612,1960,1295,1240,529,539,903,805,1045,691,793,1025,1005,437
"Tigger16a",112,84,117,85,116,117,202,134,120,104,87,141,205,186,311,409,364,273,241,96
"Tigger16b",187,144,176,205,194,280,279,237,138,153,155,132,194,166,231,191,194,211,203,125
"Tigger1",6155,5035,7005,8267,8363,8438,10738,9547,5670,4956,2045,2235,3407,3321,4711,5583,5342,5195,4127,1521
"Tigger1a_Art",49,42,57,54,90,83,108,73,44,60,49,34,58,56,68,30,41,52,45,35
"Tigger1a_Mars",20,11,15,19,18,15,20,17,17,12,3,4,2,6,3,10,8,2,5,0
"Tigger2",1796,1502,2000,2174,2583,2627,2804,2755,1490,1268,498,665,923,907,1324,1048,1058,1292,1075,468
"Tigger2a",948,761,1038,920,1058,1204,1374,1460,799,677,353,364,582,554,895,636,534,764,696,371
"Tigger2b_Pri",488,427,564,597,612,718,789,692,407,410,196,210,317,307,425,372,357,436,381,146
"Tigger3",524,417,657,677,727,755,708,883,449,301,117,157,215,205,327,318,352,338,297,76
"Tigger3a",1111,923,1185,1091,1155,1280,1643,1341,853,928,602,631,982,893,1156,599,608,1141,1083,518
"Tigger3b",3120,2531,3877,4053,4943,4661,5159,5145,2936,2323,629,775,1149,1098,1858,2365,1847,1820,1364,502
"Tigger3c",408,339,413,486,497,512,661,546,318,354,166,186,262,257,352,243,224,391,309,128
"Tigger3d",49,42,62,47,56,57,98,62,44,47,25,23,51,42,55,27,31,56,59,33
"Tigger4",559,442,685,790,811,774,924,851,434,396,138,164,285,227,353,247,251,394,308,93
"Tigger4a",699,638,797,748,860,978,1140,866,645,607,448,343,588,553,710,979,859,721,710,274
"Tigger4b",513,446,615,608,667,706,832,647,482,468,242,216,349,390,441,357,385,522,526,200
"Tigger5",258,266,258,292,280,302,374,357,205,214,36,37,59,45,67,40,40,82,70,25
"Tigger6a",299,278,324,361,434,411,473,421,302,215,96,96,152,146,228,240,276,216,169,73
"Tigger6b",80,84,92,97,121,109,133,126,86,55,20,24,24,19,36,48,31,44,29,6
"Tigger7",652,453,675,652,741,751,971,836,513,505,227,247,316,304,440,260,287,442,429,194
"Tigger8",184,197,276,267,221,298,324,227,176,158,173,139,211,181,273,144,155,238,236,126
"Tigger9a",222,181,250,282,395,302,290,327,186,144,48,77,143,86,136,81,71,154,140,52
"Tigger9b",279,189,295,296,322,258,404,380,278,182,70,88,112,116,162,286,186,166,152,49
"UCON11",1,3,7,4,6,7,3,7,0,6,3,0,0,3,2,0,0,6,0,0
"UCON12",15,14,11,9,12,13,20,21,17,7,1,2,1,3,8,24,19,4,5,0
"UCON12A",3,0,2,0,4,8,3,5,1,3,0,2,2,3,2,0,0,1,0,1
"UCON14",13,11,18,10,19,23,23,14,3,17,7,2,7,11,5,2,0,7,1,11
"UCON15",4,7,5,2,6,3,4,1,1,2,2,2,1,4,3,0,0,2,5,0
"UCON16",0,1,3,3,14,4,5,12,0,0,0,0,1,1,3,1,0,5,3,1
"UCON17",2,0,2,10,8,6,6,7,2,0,0,0,0,0,0,0,0,1,0,0
"UCON18",1,3,1,1,2,1,1,1,1,0,0,0,1,1,1,1,0,1,1,2
"UCON19",1,0,6,2,0,1,9,6,5,3,1,1,3,4,4,0,3,1,0,0
"UCON1",3,0,0,3,4,0,2,5,2,0,12,15,26,11,25,49,28,29,20,11
"UCON20",14,4,2,5,6,12,26,12,4,5,1,11,4,2,13,9,2,7,6,5
"UCON21",2,0,3,1,1,1,6,4,0,0,4,1,3,0,4,0,0,4,1,1
"UCON22",5,2,5,4,6,8,9,3,2,3,2,0,4,5,4,0,1,4,0,0
"UCON23",13,5,8,13,9,12,26,10,16,13,3,11,7,5,7,13,10,10,4,4
"UCON24",0,0,0,0,0,4,2,3,0,0,1,0,0,1,0,0,0,1,0,0
"UCON25",2,12,4,6,14,7,7,12,4,6,3,1,1,3,6,0,0,5,2,3
"UCON26",47,44,43,42,55,62,47,65,17,24,5,7,11,2,15,6,3,18,10,3
"UCON28a",41,48,48,59,65,59,54,38,26,40,2,11,12,8,25,37,30,23,7,3
"UCON28b",19,11,18,22,21,16,20,15,14,10,5,18,15,19,21,17,27,38,22,4
"UCON28c",20,14,20,14,22,32,23,26,10,12,4,5,4,6,13,7,5,11,8,5
"UCON29",42,31,44,56,52,43,46,57,25,25,14,11,18,23,29,25,31,26,21,10
"UCON2",18,10,23,11,10,9,28,13,12,12,9,9,17,12,12,44,39,15,25,5
"UCON31",9,10,24,17,31,24,22,28,12,11,1,8,5,4,7,5,14,17,3,4
"UCON4",55,38,47,50,62,49,57,42,46,38,7,5,11,12,19,15,30,32,19,0
"UCON5",21,15,18,21,22,10,20,29,6,12,3,1,9,15,12,11,11,16,3,1
"UCON6",7,11,15,16,26,20,16,15,12,11,6,5,10,4,11,6,5,25,16,1
"UCON7",4,6,6,4,17,14,10,8,6,10,4,0,4,2,2,5,2,2,6,1
"UCON8",8,6,8,10,13,22,23,25,4,6,19,5,10,20,25,11,10,22,12,8
"UCON9",5,3,11,2,3,7,3,7,1,6,0,2,0,0,0,0,3,4,2,3
"X1_LINE",20,17,18,24,45,29,50,38,19,16,0,3,5,8,10,5,9,8,6,1
"X2_LINE",5,4,3,1,5,3,13,14,2,2,5,6,11,14,12,12,5,31,4,7
"X5B_LINE",13,13,19,15,12,17,8,17,8,10,2,5,11,12,7,2,7,5,5,0
"X6A_LINE",69,52,64,77,74,76,114,72,35,45,137,93,183,138,191,125,86,226,193,106
"X7A_LINE",174,128,155,161,164,168,230,203,125,92,50,67,81,99,89,84,71,139,97,35
"X7B_LINE",112,113,148,160,182,178,167,168,99,113,74,69,89,86,86,62,106,96,81,52
"X7C_LINE",86,62,100,116,102,100,112,103,54,64,55,85,119,72,146,94,67,121,90,44
"X7D_LINE",9,6,6,13,6,15,11,9,7,2,5,2,4,7,9,2,1,2,5,1
"X8_LINE",88,66,97,96,121,139,246,185,101,77,5,16,7,5,12,20,15,18,12,7
"X9_LINE",4,3,9,9,5,4,9,11,3,0,79,89,111,109,119,104,76,109,81,64
"Zaphod2",98,79,130,99,136,111,156,170,80,52,52,52,120,55,102,92,82,90,136,53
"Zaphod3",221,156,247,248,295,279,313,314,137,177,55,73,121,95,155,100,65,198,143,62
"Zaphod",359,258,390,459,464,433,453,498,229,240,74,97,156,167,221,206,236,252,223,76
